"plot","block","Entry","Name","Pedigree"
1,1,438,"LAFL17541-5-1","TX09CS049/LA09015SBS-U2"
2,1,384,"FLLA17077-16","LA10001SSBS-20 / NC12-3447"
3,1,116,"LA09045SBS-U3","LA03046SBS7-B-S1/MN06120"
4,1,27,"FL1045-1","IL 02-8011/FL03117-L5(UFRGS B017108-2-5/Bw1000)"
5,1,47,"LA03040SBSBSB-83","LA9339/HORIZON321"
6,1,273,"FLLA17109-56","LA99016 / LA16153,F1 (NC12-3578 / TX14OCS5208)"
7,1,133,"NC10-5069y","SC961246 / Rodgers"
8,1,416,"TX20CAS1074","TX14OCS5208/TX09CS031//TX15OCS6137"
9,1,229,"TX14OCS5098","TX02U7097/HORIZON 321"
10,1,276,"FLLA17149-1","NC12-3447 / LA09015SBS-U1"
11,1,288,"FLLA16117-4","LA15040,F1,(FL0720-R6 / LA99017) / NC12-3578"
12,1,413,"TX20CAS1061","TX15OCS6138/TX07CS1228"
13,1,430,"LA17075SBS-36-2-1","LA10001SSBS-20 / LA10041SSBS-80"
14,1,92,"LA08024SBSBS-29-S1","FL0115-J2/LA97006GSB-59-2-4"
15,1,10,"FL0047-J9","Horizon 474/TX97C1168"
16,1,265,"FLLA17067-12","LA09015SBS-U4 / LA16170,F1 (TX14OCS5160 / HZN 306 )"
17,1,327,"LA17110SBSS-16-1","LA99016 / LA09015SBS-U1"
18,1,167,"NC14-1751","Gerard 224 / NC03-5579N"
19,1,262,"FLLA17028-12","HZN 306  / LA16032,F1 (FL0720-R6 / LA99017)"
20,1,435,"LA17130SBSS-27-1","MN11211 (SA081654)2 / LA16022,F1 (CANTARA / BW 823)"
21,1,296,"FLLA16102-78","LA10008SSBS-21 / NC09-4274N"
22,1,425,"LA17018SBSS-35-1","FL0720-R6 / LA10041SSBS-80"
23,1,55,"LA04018SBSB-181","TX96M1385/LA604//833"
24,1,342,"FLLA17088-77","LA10044SSBS-1 / LA10001SSBS-20"
25,1,407,"TX20CAS1041","TX14OCS5141/LA07070SBSBSBS-65-S1"
26,1,158,"NC14-1584","NC01-3497 / BYDV 121"
27,1,132,"NC09-4274N","LA 9339/SS76-40 // FLLA95131"
28,1,312,"LA15029SB-18-1-1","BW139-9/LA99016"
29,1,333,"FLLA17069-44","LA09015SBS-U4 / LA99016"
30,1,301,"TX20CAS1021","FLO522/TX07CS2783//TAMO405/LA9339(PS)///LA05011GSBS-30/TX02D079"
31,1,69,"LA07007SBSB-68","FL0206FSB-34-S2  /  LA06070,F1 (UFRGS046048-1/HZN 270)"
32,1,402,"FLLA16056-12","LA06059SBSBSB-46 / LA15120,F1,(TX09CS049 / LA07065SBSBSB-32)"
33,1,290,"FLLA16166-79","TX09CS065 / FL0720-R6"
34,1,286,"FLLA17084-28","LA10041SSBS-80 / LA99017"
35,1,56,"LA04018SBSB-86","HARRISON/TAMO405"
36,1,213,"TX14OCS5014","TX08Cas 1840//NF27"
37,1,194,"TX02U 7047","TAMO386ERB/TAMO386R/92SAT24-4"
38,1,118,"LA09066SBS-U3","MN06120/TX02U7682"
39,1,149,"NC14-1494","Gerard 224 / Caballo"
40,1,410,"TX20CAS1047","TX14OCS5159/LA07070SBSBSBS-65-S1"
41,1,38,"Gerard 229","NC93-2978/FL874S1G3//ARFOB3D"
42,1,254,"FL13123-54","FL06082-N6-Ab1 (TAMO 406/FL99175-H5 (TX93AB693/Plot Spike LA9339))/Bw 13"
43,1,266,"FLLA17069-41","LA09015SBS-U4 / LA99016"
44,1,336,"FLLA17069-54","LA09015SBS-U4 / LA99016"
45,1,198,"TX02U 7605","TX92M1596(79Bord/Kenya SR/TAMO 386)/TX83Ab2923"
46,1,364,"SCLA17152SBS-1-1","NC12-3447 / LA09015SBS-U1"
47,1,450,"TX17OCS8075","LA05006GSBS-65-S1/TX10CAS279"
48,1,287,"FLLA16028-42","FL0720-R6 / LA08016SBSBS-44-S1"
49,1,88,"LA07070SBSBSBS-65-S1","TX02U7473/UFRGS 01B7114-1-3"
50,1,424,"LA17017SBSS-16-1","FL0720-R6 / LA10001SSBS-20"
51,1,24,"FL1013-1","SD60130(SPURS/W00276)/UFRGS 087212-1"
52,1,209,"TX14OCS5004","TAMO405//NF95418"
53,1,107,"LA08086SBSBS-34","UFRGS 046050-4/FL0016-H4"
54,1,281,"FLLA17032-5","HZN 306  / NC09-4274N"
55,1,233,"TX14OCS5193","Horizon 201//TX02U7473"
56,1,279,"FLLA17017-69","FL0720-R6 / LA16048,F1 (HZN 306  / TX14OCS5212)"
57,1,249,"FL13110-68","LA06071-SBSB-S10 (UFRGS046048-1/TX02U7605)/BW 08-19)/LA08043SBSBS-4 (LA03046SBS7-B-S1/LA97006GSB-59-2-4)"
58,1,277,"FLLA17152-47","NC12-3447 / LA16016,F1 (BW 08-5 / MN11140)"
59,1,298,"TX20CAS1002","LA09026SBS-U1//TX09CS1112/LA06059"
60,1,245,"FLLA09015-U4","FL0210-J1/MN06023"
61,1,399,"FLLA17035-69","LA08084SBSBS-15 / LA10041SSBS-80"
62,1,90,"LA08021SBSBS-15-S1","FL01016-H4/LA99016"
63,1,367,"SCLA17119SBS-17-2","LA99017 / LA09015SBS-U1"
64,1,366,"SCLA17048SBS-4-2","LA08084SBSBS-15 / LA10044SSBS-1"
65,1,375,"FLLA17029-75","HZN 306  / LA16044,F1 (HZN 306  / FL0720-R6)"
66,1,115,"LA09040SBS-U1","LA02035-I-J1-S1/LA08092,F1(UFRGS 057023-4 / TAMO405)"
67,1,279,"FLLA17017-69","FL0720-R6 / LA16048,F1 (HZN 306  / TX14OCS5212)"
68,1,370,"SCLA17074SBS-1-1","LA10001SSBS-20 / LA09015SBS-U1"
69,1,315,"LA17089SBS-25-2","LA10041SSBS-80 / LA99017"
70,1,436,"LA17153SBSS-6-1","NC12-3447 / LA09015SBS-U4"
71,1,443,"LA15015SB-S50","BW08-5/HZN306(LA05006)"
72,1,261,"FLLA17025-4","HZN 306  / LA10041SSBS-80"
73,1,223,"TX14OCS5061","TX08CS2235//TX00D110"
74,1,267,"FLLA17071-4","LA10001SSBS-20 / LA99017"
75,1,264,"FLLA17055-63","LA09015SBS-U4 / LA10001SSBS-20"
76,1,429,"LA17070SBSS-20-1","LA09015SBS-U4 / LA16170,F1 (TX14OCS5160 / HZN 306 )"
77,1,323,"LA17075SBSS-29-1","LA10001SSBS-20 / LA10041SSBS-80"
78,1,124,"LA09092SBS-U2","UFRGS087157-3/LA08011,F1(BW1803 / MN04241)"
79,1,147,"NC14-1482","NC02-456 / SS76-40"
80,1,294,"FLLA16102-75","LA10008SSBS-21 / NC09-4274N"
81,1,317,"LA14009SBSB-21-1-1","FL0529-N1 / LA13006, F1(FL04176-S06-21-B-S1 / ND081465)"
82,1,12,"FL03001BSB-S7","LA9339E45/Bw3996"
83,1,354,"TX19CAS0047","LA08085BS-T4//LA06071SBSB-S10/TAMO606"
84,1,156,"NC14-1573","BYDV121 / NC03-8331"
85,1,206,"TX09CS1056","03ABF1#105(TX96M1384/Horizon 314)//TAMO 405"
86,1,270,"FLLA17078-54","LA10041SSBS-80 / LA16153,F1 (NC12-3578 / TX14OCS5208)"
87,1,377,"FLLA17051-20","LA09015SBS-U1 / LA16067,F1 (LA07059SBSBSB-44 / NC12-3578)"
88,1,34,"FLORIDA 501","Florad/5/Fulgrain Strain 3/Suregrain/4/Victorgrain*2//Bond/ Fulghum/3/Suregrain"
89,1,187,"Simpson","Ballard (Pentagon (Stanton, 1955/Pentagon (Stanton, 1955)/S172 4Cn3/1/3/58/602Cn)"
90,1,182,"NC14-1989","SS76-40 / NC05-5455"
91,1,269,"FLLA17077-4","LA10001SSBS-20 / NC12-3447"
92,1,299,"TX20CAS1013","TX07CS1948/TX15OCS6039"
93,1,5,"Cantara","FL03053-S06-15-B-S1 (LA989IBI-51-B-I1-I2/UFRGS01B6189-6-3)"
94,1,86,"LA07065SBSBSB-32","TAMO 405/UFRGS 028152-1"
95,1,11,"FL0115-J2","FL97AB15-A5-B6/TX97C1130"
96,1,128,"LA9339 (PLOT SPIKE, RAM OAT)","Coker85-13/X470"
97,1,247,"FL13108-62","LA07065SBSBSB-20 (TAMO 405/UFRGS 028152-1)/BW 533"
98,1,22,"FL0943-U2","FL0554-Ab5 (UFRGS 01B7114-1-3 (PC68/*Starter F4//UFRGS 10)/FL0127-H1 (FL0051 F1 (FL92SA292-A1/FL92OHR37,896-Y3-A1)/IL 95-8217 (Blaze/Brawn)))/F1 FL0841 (05RAT-00P08(AC Ronald/OT299)/LA02010SBSBSBSB-S2(9513BTB-80-I2/TX00D176))"
99,1,160,"NC14-1609","NC03-2567 / SS76-40"
100,1,106,"LA08086BS-T2","UFRGS 046050-4/FL0016-H4"
101,1,203,"TX07CS2652","Harrison//TAMO 406"
102,1,280,"FLLA17030-18","HZN 306  / LA16090,F1 (LA08085SBSBS-30 / MN2013BT1021-1-2)"
103,1,350,"TX19CAS0017","TX07CS1948/LA08051BS-T2//TX14OCS5189"
104,1,281,"FLLA17032-5","HZN 306  / NC09-4274N"
105,1,129,"LA97006GSB-59-2-4-SBS1","TAMO 405/LA99016"
106,1,349,"TX19CAS0004","LA07005SBSBSB12/TXO7CS1948"
107,1,360,"TX19CAS0067","TX14OCS5003/LA09074SBS-U4"
108,1,143,"NC12-3963","NC03-2421 / SS76-40"
109,1,91,"LA08021SBSBS-7-S1","FL01016-H4/LA99016"
110,1,451,"TX18OCS9061","LA09013SBSBU6-AB1/TX11CS009"
111,1,361,"TX19CAS0073","LA08085BS-T4/TX02D079"
112,1,54,"LA04014SBSB-39","LA97006GBS-30-1-C/LA90113-1-B3-AFL2-1-19-3-1"
113,1,89,"LA08016SBSBS-44-S1","BW5-33/UFRGS046048-1"
114,1,255,"FL13123-60","FL06082-N6-Ab1 (TAMO 406/FL99175-H5 (TX93AB693/Plot Spike LA9339))/Bw 13"
115,1,210,"TX14OCS5010","TX02U7227//NF27"
116,1,270,"FLLA17078-54","LA10041SSBS-80 / LA16153,F1 (NC12-3578 / TX14OCS5208)"
117,1,228,"TX14OCS5080","LA99016//TX02U7682"
118,1,66,"LA06063SBSB-S1","UFRGS 028152-1/LA02079-S-B-69-S2"
119,1,144,"NC13-6579","NC01-3981/WN10B//NC01-3981"
120,1,440,"FLLA17069-57","LA09015SBS-U4/LA99016"
121,1,222,"TX14OCS5054","TX02U7029//TX00D110"
122,1,420,"LA16118SSBSS-6-1","LA15041,F1,(HZN 306 (LA05006) / FL0720-R6) / TX14OCS5212"
123,1,1,"BIG MAC","Coker 68-16/Coker 69-26//Coker 68-23/Coker 68-26 4/Sg/ PI 287211"
124,1,300,"TX20CAS1014","TX07CS1948/TX15OCS6039"
125,1,25,"FL1013-2","SD60130(IL95-1241/W00276)/UFRGS 087212-1"
126,1,202,"TX07CS2140","NC97-8972N=(Bulk Sel)//TAMO 405"
127,1,309,"TX20CAS1075","TX14OCS5208/TX09CS031//TX15OCS6137"
128,1,205,"TX09CS058","TX92M1505/TX83Ab2923//TX93Ab693=H833Sel"
129,1,321,"LA17069SBSS-2-1","LA09015SBS-U4 / LA16170,F1 (TX14OCS5160 / HZN 306 )"
130,1,103,"LA08085SBSBS-48","UFRGS 046048-1 F6/FL0206FSB-34-S1-B-S1"
131,1,339,"FLLA17071-7","LA10001SSBS-20 / LA99017"
132,1,159,"NC14-1605","NC03-2567 / SS76-40"
133,1,259,"FL13126-69","BW 837/LA06014SBSBSBSB-34 (LA02079-S-B-69-S2/LA05006,F1(LA9339/TAMO 405))"
134,1,331,"LA17153SBSS-46-1","NC12-3447 / LA09015SBS-U4"
135,1,196,"TX02U 7473","TX94Ab343/TAMO386ERB"
136,1,161,"NC14-1619","BYDV-135 / Gerard 224"
137,1,62,"LA06059SBS-84-S1","TAMO 405/HZN LA976"
138,1,310,"TX20CAS1077","TX14OCS5208/TX09CS031//TX15OCS6137"
139,1,181,"NC14-1985","SS76-40 / NC05-5455"
140,1,417,"TX20CAS1076","TX14OCS5208/TX09CS031//TX15OCS6137"
141,1,268,"FLLA17074-47","LA10001SSBS-20 / MN2013BT1020-1-1"
142,1,242,"FL13088-4","BW 08- 31/LA06046SS-N2-Ab2 (P973A38-3-6 = ROBUST/LA90105-C4-1-1-1-2-1)"
143,1,393,"FLLA17158-30","FL0720-R6 / LA10041SSBS-80"
144,1,217,"TX14OCS5036","TX08Cas1809//TAMO406"
145,1,373,"FLLA17025-20","HZN 306  / LA10041SSBS-80"
146,1,304,"TX20CAS1034","TX14OCS5086/LA14036S"
147,1,57,"LA05011GSBS-30","TAMO405/LA99016"
148,1,259,"FL13126-69","BW 837/LA06014SBSBSBSB-34 (LA02079-S-B-69-S2/LA05006,F1(LA9339/TAMO 405))"
149,1,200,"TX05CS 347-2","TAMO 405/Plot Spike LA9339"
150,1,278,"FLLA17158-4","FL0720-R6 / LA10041SSBS-80"
151,1,224,"TX14OCS5065","05CS347-1//TX02U7605"
152,1,84,"LA07052SBSBSBS-1-S1","LA99017SBSB-46  /  SD020707"
153,1,283,"FLLA17047-55","LA09015SBS-U1 / LA16067,F1 (LA07059SBSBSB-44 / NC12-3578)"
154,1,153,"NC14-1533","NC02-8247 / SS76-40"
155,1,64,"LA06059SBSBSB-97-S","TAMO 405/LA99016"
156,1,337,"FLLA17069-52","LA09015SBS-U4 / LA99016"
157,1,352,"TX19CAS0032","LA07005SSBSB12//LA07007SBSBSB-18/TX09CS058"
158,1,74,"LA07024SBSBSBS-7-S1","LA02029SBSBS48/LA06030,F1 (HZN 270/LA90105-C4-1-1-1-2-1)"
159,1,168,"NC14-1767","Gerard 224 / NC03-5579N"
160,1,170,"NC14-1787","Wintok / Caballo"
161,1,71,"LA07007SBSBSB-24","FL0206FSB-34-S2/LA06070,F1 (UFRGS046048-1/HZN 270)"
162,1,221,"TX14OCS5050","TAMO406//TX00D110"
163,1,30,"FL99084-J2","TX96D210FL/98008 F1(LA90151-BB-11-2-1/UFRGS 940556)"
164,1,400,"FLLA16179-3","TX14OCS5212 / LA15044,F1,(HZN 306 (LA05006) / LA08048SBSBS-15)"
165,1,73,"LA07023SBS-FS5-Ab1","LA02029SBSBS48/LA06022,F1 (LA9339/UFRGS 028152-1)"
166,1,232,"TX14OCS5182","Plot Spike//TX07CS425"
167,1,371,"SCLA17048SBS-16-2","LA08084SBSBS-15 / LA10044SSBS-1"
168,1,374,"FLLA17029-66","HZN 306  / LA16044,F1 (HZN 306  / FL0720-R6)"
169,1,102,"LA08085BS-T4","UFRGS 046048-1 F6/FL0206FSB-34-S1-B-S1"
170,1,302,"TX20CAS1024","FLO522/TX07CS2783//TAMO405/LA9339(PS)///LA05011GSBS-30/TX02D079"
171,1,113,"LA09026SBS-U3","HZN LA976/MN06120"
172,1,387,"FLLA17100-5","LA10044SSBS-1 / LA16095,F1 (LA09015SBS-U2 / TX14OCS5212)"
173,1,313,"LA17031SBS-58-1","HZN 306  / LA16049,F1 (HZN 306  / UFRGS 087045-3)"
174,1,422,"LA17008SBSS-9-1","BW 08-5 / LA16160,F1 (SD110304 / TX14OCS5212)"
175,1,324,"LA17088SBSS-15-1","LA10041SSBS-80 / LA16165,F1 (TX09CS065 / BW 08-5)"
176,1,428,"LA17067SBSS-44-1","LA09015SBS-U4 / LA10001SSBS-20"
177,1,382,"FLLA17069-73","LA09015SBS-U4 / LA99016"
178,1,2,"BOB","Nora/Florida 501"
179,1,256,"FL13123-73","FL06082-N6-Ab1 (TAMO 406/FL99175-H5 (TX93AB693/Plot Spike LA9339))/Bw 13"
180,1,275,"FLLA17119-74","MN11211 (SA081654)2 / NC12-3447"
181,1,234,"Winter Fulghum","sel. From Fulghum (C.I. 699) (Richland/Richland)/sel. From Fulghum (C.I. 699) (Richland/Richland)"
182,1,292,"FLLA16056-4","LA06059SBSBSB-46 / LA15120,F1,(TX09CS049 / LA07065SBSBSB-32)"
183,1,408,"TX20CAS1044","TX14OCS5159/LA07070SBSBSBS-65-S1"
184,1,19,"FL0923-U2","MN 06133 (Sask01T-602-05-06/MN01117)/F1 FL0852 (FL0748 F1(Ave. 135.02/SD030888 (SD97039//SD96280/OT275)) /LA97006GSB-59-2-4-SBS1 (FL92OHR26763/TX93M2107))"
185,1,175,"NC14-1832","SS76-40 / NC02-8057"
186,1,266,"FLLA17069-41","LA09015SBS-U4 / LA99016"
187,1,28,"FL1049-3","FL03262-L1(Bw501/LA9818IBIB-I2-B)/UPF97H2200-7-2"
188,1,14,"FL03254-L1","LA982IBI-64(833/TAMO 397)/UFRGS 028155"
189,1,319,"LA17008SBSS-24-1","BW 08-5 / LA16160,F1 (SD110304 / TX14OCS5212)"
190,1,26,"FL1035-2","UPF98H2000-4/FL03254-L1"
191,1,193,"TROPHY","LA90120C2-3-AB1/TX96M1558"
192,1,78,"LA07046SBSBSBS-2-S1","LA98002---84-2-S1-B-S1  /  LA06072,F1 (UFRGS046048-1/TX02U7605)"
193,1,236,"TAMO412","FL9708-P71=(Coker92Ab719/Horizon314)//TAMO405"
194,1,174,"NC14-1820","SS76-40 / NC02-8057"
195,1,449,"NC20-4452","Horizon578/Horizon306"
196,1,311,"TX20CAS1082","TX14OCS5208/TX07CS1228//LA09066SBS-U3"
197,1,83,"LA07049SBSBSBS-52-S1","LA99016/HZN 270"
198,1,297,"TX20CAS1001","LA07005SBSBSBS-9-S1/TX14OCS5073"
199,1,304,"TX20CAS1034","TX14OCS5086/LA14036S"
200,1,401,"FLLA16179-9","TX14OCS5212 / LA15044,F1,(HZN 306 (LA05006) / LA08048SBSBS-15)"
201,1,60,"LA06046-N2-Ab3","P973A38-3-6/LA90105-C4-1-1-1-2-1"
202,1,98,"LA08083SBSBS-5","UFRGS 028152-1/LA97006GSB-59-2-4-SBS1"
203,1,40,"Horizon 201","FL92OHR35183-Y1/TX96M1384 (=FL99201-D29-E1)"
204,1,166,"NC14-1747","Gerard 224 / NC03-5579N"
205,1,246,"FLLA13043-57","LA07007SBSBSB-18 / LA08040SBSB-49"
206,1,230,"TX14OCS5112","TX02U7227//TX08CS2235"
207,1,329,"LA17129SBSS-8-1","MN11211 (SA081654)2 / LA16022,F1 (CANTARA / BW 823)"
208,1,351,"TX19CAS0020","TX07CSC1948/LA07005SBSBSB12"
209,1,421,"LA16179SSBSS-22-1","TX14OCS5212 / LA15044,F1,(HZN 306 (LA05006) / LA08048SBSBS-15)"
210,1,248,"FL13109-38","FL0772-R3 (LA02018SBSBS5-B-S1/UFRGS 057029-4)/Carrolup"
211,1,240,"FL13057-4","FL0704-R1 (FL99084-J4/UFRGS 057070-1)/FL0772-R3 (LA02018SBSBS5-B-S1/UFRGS 057029-4 )"
212,1,356,"TX19CAS0055","LA08051BS-T2/TX14OCS5001"
213,1,114,"LA09028SBS-U2","HZN270/LA08014,F1(BW5-33 / IL00-8279)"
214,1,81,"LA07048SBSB-39","LA98002SBS-64  /  LA99017"
215,1,396,"FLLA17030-25","HZN 306  / LA16090,F1 (LA08085SBSBS-30 / MN2013BT1021-1-2)"
216,1,453,"TX18OCS9104","LA07023SBSBS-FS5-AB1/TX09CS1029"
217,1,346,"FLLA17030-23","HZN 306  / LA16090,F1 (LA08085SBSBS-30 / MN2013BT1021-1-2)"
218,1,53,"LA04004SBSB-7-B-S1","LA97006GBS-30-1-C/LA90113-1-B3-AFL2-1-19-3-1"
219,1,439,"Savage (TX14OCS5212)","FL0115-J4/TX02U7047"
220,1,427,"LA17067SBSS-26-1","LA09015SBS-U4 / LA10001SSBS-20"
221,1,314,"LA17076SBS-32-1",NA
222,1,163,"NC14-1651","NC05-5456 / SS76-40"
223,1,119,"LA09067SBS-U1","MN06120/UFRGS 017147-2"
224,1,146,"NC13-6589","NC01-3981/WN10B//NC01-3981"
225,1,241,"FL13088-3","BW 08- 31/LA06046SS-N2-Ab2 (P973A38-3-6 = ROBUST/LA90105-C4-1-1-1-2-1)"
226,1,154,"NC14-1543","NC3981-4 / WT1"
227,1,126,"LA09103SBS-U5","LA97006GSB-59-2-4/UFRGS08708-4"
228,1,97,"LA08081BS-T2","TX02U7682/UFRGS 028152-1"
229,1,63,"LA06059SBSBSB-16-S","TAMO 405/LA99016"
230,1,249,"FL13110-68","LA06071-SBSB-S10 (UFRGS046048-1/TX02U7605)/BW 08-19)/LA08043SBSBS-4 (LA03046SBS7-B-S1/LA97006GSB-59-2-4)"
231,1,446,"NC20-4526","Horizon578/Gerard227"
232,1,291,"FLLA16180-50","TX1948 / LA06059SBSBSB-46"
233,1,345,"FLLA17152-42","NC12-3447 / LA16016,F1 (BW 08-5 / MN11140)"
234,1,322,"LA17075SBSS-24-1","LA10001SSBS-20 / LA10041SSBS-80"
235,1,253,"FL13123-50","FL06082-N6-Ab1 (TAMO 406/FL99175-H5 (TX93AB693/Plot Spike LA9339))/Bw 13"
236,1,335,"FLLA17069-65","LA09015SBS-U4 / LA99016"
237,1,437,"LAFL13108FSB-22-1-1","LA07065SBSBSB-20 (TAMO 405/UFRGS 028152-1)/BW 533"
238,1,391,"FLLA17158-11","FL0720-R6 / LA10041SSBS-80"
239,1,444,"NC19-3542","NC12-3868/NC11-1651"
240,1,75,"LA07026SBS-FS1-Ab1","LA02029SBSBS48/UFRGS 028153-2"
241,1,48,"LA03046SBS7-B-S1","LA9339/TAMO405"
242,1,271,"FLLA17088-60","LA10044SSBS-1 / LA10001SSBS-20"
243,1,51,"LA04004SBSB-121","UFRGS995080-1/9818IBI-24-B-I1"
244,1,108,"LA08089SBSBS-52-S1","UFRGS 050723-4/FL0115-J2"
245,1,67,"LA06063SBSBSB-13","UFRGS 028152-1/LA02079-S-B-69-S2"
246,1,31,"FL99153FBS-45-1-B-S-B-S1-B-S1","TX95C3147/FL98007 F1(SC 942283/UFRGS 940556)"
247,1,414,"TX20CAS1062","TX15OCS6138/TX07CS1228"
248,1,123,"LA09092SBS-U1","UFRGS087157-3/LA08011,F1(BW1803 / MN04241)"
249,1,254,"FL13123-54","FL06082-N6-Ab1 (TAMO 406/FL99175-H5 (TX93AB693/Plot Spike LA9339))/Bw 13"
250,1,326,"LA17089SBSS-73-1","LA10041SSBS-80 / LA99017"
251,1,291,"FLLA16180-50","TX1948 / LA06059SBSBSB-46"
252,1,355,"TX19CAS0050","LA07007SBS-FS3-Ab1 / FL0772-R2/TX09CS049"
253,1,33,"Florida 500","Florad (Floriland Irradiated/unknown)/unnamed_6485 (unnamed_6484/unnamed_6483)"
254,1,392,"FLLA17158-18","FL0720-R6 / LA10041SSBS-80"
255,1,301,"TX20CAS1021","FLO522/TX07CS2783//TAMO405/LA9339(PS)///LA05011GSBS-30/TX02D079"
256,1,122,"LA09082SBS-U11","UFRGS046103-2/ND 020971"
257,1,16,"FL0720-R6","FL0206FSB-34-S1//FL0016-H1/IL 3555"
258,1,454,"TX18OCS9125","FL0703-R5-AB1//TX09CS1029/LA04004SBSB-7-B-S1"
259,1,256,"FL13123-73","FL06082-N6-Ab1 (TAMO 406/FL99175-H5 (TX93AB693/Plot Spike LA9339))/Bw 13"
260,1,155,"NC14-1554","NC3981-4 / WT1"
261,1,418,"TX20CAS1079","TX14OCS5208/TX09CS031//TX15OCS6137"
262,1,184,"Ozark","Florida 167 (Bond/Fulghum)/6-81-3 (unknown/unknown)"
263,1,284,"FLLA17059-4","LA09015SBS-U4 / NC12-3447"
264,1,369,"SCLA17119SBS-4-2","LA99017 / LA09015SBS-U1"
265,1,140,"NC12-3872","SS76-50 / NC02-8037"
266,1,225,"TX14OCS5069","TX02U7605//FL115-J2"
267,1,227,"TX14OCS5078","TX02U7047//TX02U7682"
268,1,127,"LA10044-4","LA97006GSB-59-2-4-SBS1/FL0522-FLID-B-S-B-S-92-S1"
269,1,397,"FLLA17031-57","HZN 306  / LA16188,F1 (UFRGS 087045-3 / MN11140)"
270,1,204,"TX07CS2765","Horizon 321//TAMO 406"
271,1,207,"TX09CS1112","Horizon 314//TX02U7097(TX92M1505=C5-2 1563CR cpx/Unknown/TX83Ab2923)"
272,1,58,"LA05011GSBSBSB-11","TAMO405/LA99016"
273,1,258,"FL13126-57","BW 837/LA06014SBSBSBSB-34 (LA02079-S-B-69-S2/LA05006,F1(LA9339/TAMO 405))"
274,1,138,"NC12-3753","NC02-7989 / SC961246 // Gerard 224"
275,1,274,"FLLA17111-1","LA99017 / LA09015SBS-U1"
276,1,157,"NC14-1574","BYDV121 / NC03-8331"
277,1,45,"LA02065SBSBSBSB-88","LA604/982IBI-64(833/T397)"
278,1,409,"TX20CAS1046","TX14OCS5159/LA07070SBSBSBS-65-S1"
279,1,318,"LA16072SBSS-30-1","LA08016SBSBS-44-S1 / MN2013BT1021-1-2"
280,1,191,"TAMO 606","Citation/84IORN#30 (=CX466-1-B4-D3-5)"
281,1,44,"LA02035-I-J1","LA978GIB-172/HZN LA976"
282,1,239,"FLLA09044-U1","UFRGS 028153-2/LA99016"
283,1,152,"NC14-1514","NC02-8037 / SS76-40"
284,1,137,"NC12-3742","NC02-7989 / SC961246 // Gerard 224"
285,1,347,"FLLA16083-25","LA08084SBSBS-15 / LA06059SBSBSB-46"
286,1,208,"TX10CAS085","TX05F4-585(Sect.495/TAMO406)//TX02U7605"
287,1,357,"TX19CAS0057","TX14OCS5003/LA07023SBS-FS5-Ab1"
288,1,3,"BROOKS","Carolee/Fulgrain/6/Fulgrain/5/CI 5106//Hajira/Joanette/4/ Atlantic/Clinton/Santa Fe/3/CI 2455"
289,1,131,"LA99017 (BUCK)","TX96M1385/LA604"
290,1,432,"LA17080SBS-32-1-1","LA10001SSBS-20 / MN2013BT1021-1-2"
291,1,243,"FL13097-1","BW 837/LA07007SBSB-68 (FL0206FSB-34-S2/LA06070,F1 (UFRGS046048-1/HZN 270))"
292,1,315,"LA17089SBS-25-2","LA10041SSBS-80/LA99017"
293,1,340,"FLLA17081-23","LA10041SSBS-80 / LA16165,F1 (TX09CS065 / BW 08-5)"
294,1,197,"TX02U 7479","92M1009(T386""S""/94Ab347"
295,1,130,"LA99016","TX96M1385/SECTLA495"
296,1,136,"NC12-3578","SS76-40 / NC02-7989 // LA98105B"
297,1,110,"LA09013SBS-U6","SD60130(IL95-1241/W00276)/UFRGS 087212-1"
298,1,32,"FLORIDA 02011","LA9513IBTB-10-1/MF9714-136"
299,1,142,"NC12-3931","Rodgers / NC03-2421"
300,1,253,"FL13123-50","FL06082-N6-Ab1 (TAMO 406/FL99175-H5 (TX93AB693/Plot Spike LA9339))/Bw 13"
301,1,434,"LA17126SBSS-48-1","MN11211 (SA081654)2 / LA10041SSBS-80"
302,1,100,"LA08085BS-T1","UFRGS 046048-1 F6/FL0206FSB-34-S1-B-S1"
303,1,179,"NC14-1974","Gerard 229 / Rodgers"
304,1,419,"TX20CAS1080","TX14OCS5208/TX09CS031//TX15OCS6137"
305,1,151,"NC14-1501","Gerard 224 / Caballo"
306,1,263,"FLLA17051-2","LA09015SBS-U1 / LA16067,F1 (LA07059SBSBSB-44 / NC12-3578)"
307,1,303,"TX20CAS1025","FLO522/TX07CS2783//TAMO405/LA9339(PS)///LA05011GSBS-30/TX02D079"
308,1,9,"Corondo",NA
309,1,171,"NC14-1792","Norline / SS76-40"
310,1,235,"FLLA11019S-8","FL0564-Ab13 / LA06071SBSB-S1"
311,1,105,"LA08085SS-T3","UFRGS 046048-1/FL0206FSB-34-S1-B-S1"
312,1,120,"LA09078SBS-U5","UFRGS 046054-2/MN06120"
313,1,93,"LA08024SBSBS-48-S1","FL0115-J2/LA97006GSB-59-2-4"
314,1,134,"NC11-1798y","NC01-3981 / SS76-40"
315,1,177,"NC14-1902","SS76-40 / Gerard 229"
316,1,42,"HORIZON 306","LA9339’/’TAMO 405"
317,1,218,"TX14OCS5037","TX02D034//TX02U7682"
318,1,65,"LA06059SBSBSBSB-4-S1","TAMO 405/LA99016"
319,1,23,"FL0943-U4","FL0554-Ab5 (UFRGS 01B7114-1-3 (PC68/*Starter F4//UFRGS 10)/FL0127-H1 (FL0051 F1 (FL92SA292-A1/FL92OHR37,896-Y3-A1)/IL 95-8217 (Blaze/Brawn)))/F1 FL0841 (05RAT-00P08(AC Ronald/OT299)/LA02010SBSBSBSB-S2(9513BTB-80-I2/TX00D176))"
320,1,101,"LA08085BS-T2","UFRGS 046048-1 F6/FL0206FSB-34-S1-B-S1"
321,1,358,"TX19CAS0058","TX14OCS5003/LA07023SBS-FS5-Ab1"
322,1,431,"LA17080SBS-29-1-1","LA10001SSBS-20 / MN2013BT1021-1-2"
323,1,376,"FLLA17032-41","HZN 306  / LA16188,F1 (UFRGS 087045-3 / MN11140)"
324,1,372,"SCLA17151SBS-40-1","NC12-3447 / FL0720-R6"
325,1,8,"Coker 716","Coker 62-30 (unknown/unknown)/Beltsville Selection 279 (unnamed_9419/Clintland)"
326,1,59,"LA06009SBSBSB-24-S","LA02030-S-B-5-S2/LA99016"
327,1,398,"FLLA17031-71","HZN 306  / LA16188,F1 (UFRGS 087045-3 / MN11140)"
328,1,303,"TX20CAS1025","FLO522/TX07CS2783//TAMO405/LA9339(PS)///LA05011GSBS-30/TX02D079"
329,1,36,"Fulgrain","Big Boy (unknown/unknown)/Navarro (sel. From North American landrace/sel. From North American landrace)"
330,1,290,"FLLA16166-79","TX09CS065 / FL0720-R6"
331,1,320,"LA17008SBSS-59-1","BW 08-5 / LA16160,F1 (SD110304 / TX14OCS5212)"
332,1,285,"FLLA17071-51","LA10001SSBS-20 / LA09015SBS-U1"
333,1,141,"NC12-3922","Rodgers / NC03-2421"
334,1,13,"FL03146BSB-S1-B-S1","TAMO 405/HZN 474"
335,1,238,"FL11017-7","FL0555-Ab3/FL1045 F1 (IL 02-8011/FL03117-L5(UFRGS B017108-2-5/Bw1000))"
336,1,237,"FL12034-10","LA06055SBSBSB-79 (TAMO 405/LA02054-S-B-167-S2)/FL11048 F1 (FL03038-L1/MN 08262)"
337,1,445,"NC20-4441","Horizon306/Gerard224"
338,1,455,"TX18OCS9135","FL0703-R5-AB1//FL03254-L1/TX09CS1029"
339,1,50,"LA03066SBS-L1","UFRGS 952521/LA966BIB32-1-1-B"
340,1,394,"FLLA17017-70","FL0720-R6 / LA16048,F1 (HZN 306  / TX14OCS5212)"
341,1,344,"FLLA17149-30","NC12-3447 / LA09015SBS-U1"
342,1,261,"FLLA17025-4","HZN 306  / LA10041SSBS-80"
343,1,343,"FLLA17119-66","MN11211 (SA081654)2 / NC12-3447"
344,1,390,"FLLA17152-71","NC12-3447 / LA16016,F1 (BW 08-5 / MN11140)"
345,1,87,"LA07065SBS-FS2-Ab1","TAMO 405/UFRGS 028152-1"
346,1,192,"TIFT",NA
347,1,82,"LA07048SBSB-5","LA98002SBS-64  /  LA99017"
348,1,448,"NC20-4551","Horizon578/NC10-5051"
349,1,117,"LA09065SBS-U1","MN06120/LA90105-C4-1-1-1-2-1"
350,1,442,"LA13003SBSBS33-1-1","BW832/HZN306"
351,1,17,"FL0772-R3","P0216A1-1/FL0023-E10-H1-J5"
352,1,211,"TX14OCS5011","TX08Cas 1840//NF27"
353,1,300,"TX20CAS1014","TX07CS1948/TX15OCS6039"
354,1,381,"FLLA17069-56","LA09015SBS-U4 / LA99016"
355,1,39,"Harrison","Coker 234/74C70//Florida 502"
356,1,169,"NC14-1774","Rodgers / NC03-3400"
357,1,189,"TAMO 405","unknown (single vol. plant sel.)"
358,1,325,"LA17089SBS-45-1-1","LA10041SSBS-80 / LA99017"
359,1,145,"NC13-6584","NC01-3981/WN10B//NC01-3981"
360,1,112,"LA09016SBS-U6","FL0210-J1/UFRGS 046050-4"
361,1,49,"LA03060SBSBSB-S1","TX96M1398/LA9339"
362,1,412,"TX20CAS1056","TX15OCS6138/LA07005SBSBSBS-9-S1"
363,1,178,"NC14-1965","SS76-40 / NC01-3497"
364,1,148,"NC14-1491","NC02-456 / SS76-40"
365,1,388,"FLLA17109-68","LA99016 / LA16153,F1 (NC12-3578 / TX14OCS5208)"
366,1,263,"FLLA17051-2","LA09015SBS-U1 / LA16067,F1 (LA07059SBSBSB-44 / NC12-3578)"
367,1,125,"LA09103SBS-U4","LA97006GSB-59-2-4/UFRGS08708-4"
368,1,85,"LA07059SBSBSB-44","ND000824  /  TROPHY"
369,1,188,"SS76-50","NC93-2978/RODGERS//RODGERS/FL874"
370,1,251,"FL13113-69","FL0858-S2-Ab1 (LA04013SBSB-S3(99012SBS-23-S/UFRGS995080-1)/FL0047-J2(Horizon 474/TX97C1168))/BW 08-5"
371,1,309,"TX20CAS1075","TX14OCS5208/TX09CS031//TX15OCS6137"
372,1,214,"TX14OCS5017","NF27//TX07CS1805"
373,1,68,"LA07005SBSBSB-12","FL0121FSBSBSB-S3  /  LA99016"
374,1,15,"FL04155-S06-31-B-S1","FL03139 F1 (TROPHY/MN00226)/FL03224 F1 (UPF94174-1/FL9605-A6-B4)"
375,1,272,"FLLA17100-4","LA10044SSBS-1 / LA16095,F1 (LA09015SBS-U2 / TX14OCS5212)"
376,1,79,"LA07048SBSB-19","LA98002SBS-64  /  LA99017"
377,1,20,"FL0923-U4","MN 06133 (Sask01T-602-05-06/MN01117)/F1 FL0852 (FL0748 F1(Ave. 135.02/SD030888 (SD97039//SD96280/OT275)) /LA97006GSB-59-2-4-SBS1 (FL92OHR26763/TX93M2107))"
378,1,95,"LA08051SBSB-32","LA9339/UFRGS 055093-1"
379,1,164,"NC14-1686","Gerard 224 / NC02-8057"
380,1,383,"FLLA17069-76","LA09015SBS-U4 / LA99016"
381,1,308,"TX20CAS1071","TAMO411/TX14OCS5189//TX15OCS6040"
382,1,201,"TX07CS1965","FL9708-P71=(Coker 92Ab719/Horizon 314)//TAMO 405"
383,1,43,"LA02012-S-B-139-S2-B-S2-B-S2","LA9513IBTB-80-I1-B/MF9424-24"
384,1,328,"LA17129SBSS-60-1","MN11211 (SA081654)2 / LA16022,F1 (CANTARA / BW 823)"
385,1,260,"FL13126-79","BW 837/LA06014SBSBSBSB-34 (LA02079-S-B-69-S2/LA05006,F1(LA9339/TAMO 405))"
386,1,46,"LA03018SBSBSB-65-S1","LA9819IBI-75-2-B/FL9418-A3-B4-B-I"
387,1,389,"FLLA17149-3","NC12-3447 / LA09015SBS-U1"
388,1,37,"Gerard 224","Rodgers/Txab29923//Rodgers"
389,1,362,"TX19CAS0091","FL0772-R2 / LA13036, F1(LA06067SBSBSB-13 / LA07048SBSB-39)//TX14OCS5134"
390,1,96,"LA08056SBSBS-56-S1","LA97006GSB-59-2-4-SBS1/TX02U7682"
391,1,411,"TX20CAS1048","TX14OCS5159/LA07070SBSBSBS-65-S1"
392,1,99,"LA08084SBSBS-15","UFRGS 028153-2/LA99016"
393,1,312,"LA15029SB-18-1-1","BW 139-9 / LA99016"
394,1,308,"TX20CAS1071","TAMO411/TX14OCS5189//TX15OCS6040"
395,1,295,"FLLA16102-76","LA10008SSBS-21 / NC09-4274N"
396,1,216,"TX14OCS5031","TX02U7490//TX08CAS1796"
397,1,41,"HORIZON 270","FL95MEO29/TX93M2107"
398,1,395,"FLLA17018-17","FL0720-R6 / LA16048,F1 (HZN 306  / TX14OCS5212)"
399,1,35,"FLORIDA 502",NA
400,1,363,"SCLA17080SBS-4-2","LA10001SSBS-20 / MN2013BT1021-1-2"
401,1,341,"FLLA17088-61","LA10044SSBS-1 / LA10001SSBS-20"
402,1,338,"FLLA17071-19","LA10001SSBS-20 / LA99017"
403,1,404,"TX20CAS1006","TX07CS1948/TX15OCS6039"
404,1,72,"LA07017SBSB-30","LA02018SBSBS5-B-S1(LA9533D36-6/TX98D666)  /  LA9339"
405,1,199,"TX05CS 347-1 (??TAMO405)","TAMO 405/Plot Spike LA9339"
406,1,172,"NC14-1799","Norline / SS76-40"
407,1,299,"TX20CAS1013","TX07CS1948/TX15OCS6039"
408,1,332,"LA17153SBSS-55-1","NC12-3447 / LA09015SBS-U4"
409,1,231,"TX14OCS5116","FL99212-D6//TX02U7443"
410,1,306,"TX20CAS1039","TX14OCS5086/LA14036S"
411,1,173,"NC14-1818","SS76-40 / NC02-8057"
412,1,52,"LA04004SBSB-61-B-S1","LA97006GBS-30-1-C/LA90113-1-B3-AFL2-1-19-3-1"
413,1,452,"TX18OCS9100","LA09013SBSBU6-AB1TX09CS1029"
414,1,77,"LA07033SBSB-33","LA02076SBSBSB-S2  /  LA98002---84-2-S1-B-S1"
415,1,150,"NC14-1498","Gerard 224 / Caballo"
416,1,353,"TX19CAS0041","LA08085BS-T4//LA06071SBSB-S10/TAMO606"
417,1,29,"FL11044-1","Horizon 201/UFRGS 087045-3"
418,1,70,"LA07007SBSBSB-18","FL0206FSB-34-S2(UFRGS 995088-3/LA9535D118-4) /  LA06070,F1 (UFRGS046048-1/HZN 270)"
419,1,94,"LA08039SBSBS-5-S1","LA02065SBSBSB-S2/LA99017"
420,1,185,"Rodgers","Coker 80-33/NC 81-376"
421,1,405,"TX20CAS1011","TX07CS1948/TX15OCS6039"
422,1,274,"FLLA17111-1","LA99017 / LA09015SBS-U1"
423,1,165,"NC14-1695","Gerard 229 / NC05-5456"
424,1,183,"Osage","Fulton (Fulghum/Markton)/Sel.5562 (Vicotria - Argentian/Richland)"
425,1,334,"FLLA17069-53","LA09015SBS-U4 / LA99016"
426,1,76,"LA07033SBSB-2","LA02076SBSBSB-S2  /  LA98002---84-2-S1-B-S1"
427,1,162,"NC14-1643","Caballo / NC05-5579N"
428,1,176,"NC14-1874","SS76-50 / Rodgers"
429,1,379,"FLLA17067-35","LA09015SBS-U4 / LA16170,F1 (TX14OCS5160 / HZN 306 )"
430,1,6,"COKER 227","FL500//Woodgrain/CI7330/3/Moregrain/Milford sel./4/2* Suregrain/PI 287211"
431,1,180,"NC14-1977","Gerard 229 / Rodgers"
432,1,4,"Caballo","RODGERS SIB // ARFOB30/C84-27"
433,1,244,"FL13084-8","LA08092SBSBS-17 (UFRGS 057023-4/TAMO405)/BW 08- 31"
434,1,61,"LA06058SBS-32-S1","LA9339/TAMO 405"
435,1,415,"TX20CAS1063","TX15OCS6138/TX07CS1228"
436,1,226,"TX14OCS5070","FLO115-J2//TX02U7682"
437,1,109,"LA09013SBS-U4","FL0115-J2/WIX8347-2-B-S1"
438,1,368,"SCLA17076SBS-32-1","LA10001SSBS-20 / LA16147,F1 (MN2013BT1020-1-1 / LA07052SBSBSBS-1-S1)"
439,1,195,"TX02U 7097","TX92M1505(C5-2 1563 CR Cpx/SR Cpx/unknown)/TX83Ab2923"
440,1,348,"TX19CAS0002","LA09030SBS-U3-AB1/TX07CS1948//UFGS 1050 64-1"
441,1,135,"NC12-3447","NC02-8005 / AR02133  // Gerard 224"
442,1,289,"FLLA16137-1","LA99016 / LA15101,F1,(LA08084BS-T2 / LA99016)"
443,1,403,"FLLA16056-25","LA06059SBSBSB-46 / LA15120,F1,(TX09CS049 / LA07065SBSBSB-32)"
444,1,252,"FL13123-41","FL06082-N6-Ab1 (TAMO 406/FL99175-H5 (TX93AB693/Plot Spike LA9339))/Bw 13"
445,1,257,"FL13125-17","BW 08-1/LA07004SBSBSBS-5 (FL0121FSBSBSB-S3/LA02079-S-B-69-S2)"
446,1,21,"FL0941-U1","LA04014S-L1 (LA99017SBSB-46/LA833-99AB118)/F1 FL0853 (FL0746 F1(FL0105FSBSBS20-B-S1(TX97C1168/IA 91462-45-1-6)/QR1860BSB-S2 (UFRGS921260 / X8204-1))/FL0206FSB-34-S1-B-S1(UFRGS 995088-3/LA9535D118-4))"
447,1,406,"TX20CAS1035","TX14OCS5086/LA14036S"
448,1,441,"FLLA17020-55","FL0720-R6/LA16098,F1(LA09103SBS-U5/LA99017)"
449,1,385,"FLLA17077-28","LA10001SSBS-20 / NC12-3447"
450,1,423,"LA17009SBSS-53-1","BW 08-5 / MN11211 (SA081654)2"
451,1,250,"FL13112-14","FL0704-R1 (FL99084-J4/UFRGS 057070-1)/Carrolup"
452,1,380,"FLLA17069-49","LA09015SBS-U4 / LA99016"
453,1,190,"TAMO 406","Mitchell/TX83Ab2923/TAMO386R"
454,1,7,"COKER 234","FL500//Woodgrain/CI7330/3/Moregrain/Milford sel./4/2* Suregrain/PI 287211"
455,1,215,"TX14OCS5018","NF27//TX07CS1805"
456,1,219,"TX14OCS5039","TAMO406//TX02D034"
457,1,307,"TX20CAS1070","TAMO411/TX14OCS5189//TX15OCS6040"
458,1,220,"TX14OCS5041","TX02D44//TX05CS556"
459,1,378,"FLLA17051-21","LA09015SBS-U1 / LA16067,F1 (LA07059SBSBSB-44 / NC12-3578)"
460,1,447,"NC20-4621","NC12-3868/NC12-3753"
461,1,80,"LA07048SBSB-28","LA98002SBS-64  /  LA99017"
462,1,212,"TX14OCS5012","TX08Cas 1840//NF27"
463,1,365,"SCLA16032SSBS-7-1","FL0720-R6 / LA99017"
464,1,426,"LA17031SBSS-77-1","HZN 306  / LA16049,F1 (HZN 306  / UFRGS 087045-3)"
465,1,302,"TX20CAS1024","FLO522/TX07CS2783//TAMO405/LA9339(PS)///LA05011GSBS-30/TX02D079"
466,1,316,"LA17089SBS-33-2","LA10041SSBS-80 / LA99017"
467,1,111,"LA09015SBS-U1 (Jaggernaut)","FL0210-J1/MN06023"
468,1,359,"TX19CAS0066","TX14OCS5003/LA09074SBS-U4"
469,1,330,"LA17153SBS-20-2-1","NC12-3447 / LA09015SBS-U4"
470,1,282,"FLLA17035-50","LA08084SBSBS-15 / LA10041SSBS-80"
471,1,139,"NC12-3845","NC01-3981 / Rodgers"
472,1,310,"TX20CAS1077","TX14OCS5208/TX09CS031//TX15OCS6137"
473,1,433,"LA17089SBS-25-2-1","LA10041SSBS-80 / LA99017"
474,1,316,"LA17089SBS-33-2","LA10041SSBS-80/LA99017"
475,1,293,"FLLA16102-41","LA10008SSBS-21 / NC09-4274N"
476,1,121,"LA09078SBS-U7","UFRGS 046054-2/MN06120"
477,1,18,"FL0914-U2","LA04008SBSB-74-B-S1 (TROPHY/TAMO405)/F1 FL0874 (WIX8347-2(Gem/ND900117)/FL0744 F1(LA01005BSBSBS-46/Bw 103))"
478,1,104,"LA08085SBSBSB-48","UFRGS 046048-1 F6/FL0206FSB-34-S1-B-S1"
479,1,386,"FLLA17088-66","LA10044SSBS-1 / LA10001SSBS-20"
480,1,305,"TX20CAS1037","TX14OCS5086/LA14036S"
481,2,397,"FLLA17031-57","HZN 306  / LA16188,F1 (UFRGS 087045-3 / MN11140)"
482,2,51,"LA04004SBSB-121","UFRGS995080-1/9818IBI-24-B-I1"
483,2,31,"FL99153FBS-45-1-B-S-B-S1-B-S1","TX95C3147/FL98007 F1(SC 942283/UFRGS 940556)"
484,2,219,"TX14OCS5039","TAMO406//TX02D034"
485,2,339,"FLLA17071-7","LA10001SSBS-20 / LA99017"
486,2,169,"NC14-1774","Rodgers / NC03-3400"
487,2,254,"FL13123-54","FL06082-N6-Ab1 (TAMO 406/FL99175-H5 (TX93AB693/Plot Spike LA9339))/Bw 13"
488,2,437,"LAFL13108FSB-22-1-1","LA07065SBSBSB-20 (TAMO 405/UFRGS 028152-1)/BW 533"
489,2,52,"LA04004SBSB-61-B-S1","LA97006GBS-30-1-C/LA90113-1-B3-AFL2-1-19-3-1"
490,2,347,"FLLA16083-25","LA08084SBSBS-15 / LA06059SBSBSB-46"
491,2,312,"LA15029SB-18-1-1","BW139-9/LA99016"
492,2,319,"LA17008SBSS-24-1","BW 08-5 / LA16160,F1 (SD110304 / TX14OCS5212)"
493,2,262,"FLLA17028-12","HZN 306  / LA16032,F1 (FL0720-R6 / LA99017)"
494,2,133,"NC10-5069y","SC961246 / Rodgers"
495,2,453,"TX18OCS9104","LA07023SBSBS-FS5-AB1/TX09CS1029"
496,2,111,"LA09015SBS-U1 (Jaggernaut)","FL0210-J1/MN06023"
497,2,83,"LA07049SBSBSBS-52-S1","LA99016/HZN 270"
498,2,438,"LAFL17541-5-1","TX09CS049/LA09015SBS-U2"
499,2,345,"FLLA17152-42","NC12-3447 / LA16016,F1 (BW 08-5 / MN11140)"
500,2,379,"FLLA17067-35","LA09015SBS-U4 / LA16170,F1 (TX14OCS5160 / HZN 306 )"
501,2,121,"LA09078SBS-U7","UFRGS 046054-2/MN06120"
502,2,256,"FL13123-73","FL06082-N6-Ab1 (TAMO 406/FL99175-H5 (TX93AB693/Plot Spike LA9339))/Bw 13"
503,2,73,"LA07023SBS-FS5-Ab1","LA02029SBSBS48/LA06022,F1 (LA9339/UFRGS 028152-1)"
504,2,255,"FL13123-60","FL06082-N6-Ab1 (TAMO 406/FL99175-H5 (TX93AB693/Plot Spike LA9339))/Bw 13"
505,2,444,"NC19-3542","NC12-3868/NC11-1651"
506,2,313,"LA17031SBS-58-1","HZN 306  / LA16049,F1 (HZN 306  / UFRGS 087045-3)"
507,2,163,"NC14-1651","NC05-5456 / SS76-40"
508,2,297,"TX20CAS1001","LA07005SBSBSBS-9-S1/TX14OCS5073"
509,2,301,"TX20CAS1021","FLO522/TX07CS2783//TAMO405/LA9339(PS)///LA05011GSBS-30/TX02D079"
510,2,355,"TX19CAS0050","LA07007SBS-FS3-Ab1 / FL0772-R2/TX09CS049"
511,2,259,"FL13126-69","BW 837/LA06014SBSBSBSB-34 (LA02079-S-B-69-S2/LA05006,F1(LA9339/TAMO 405))"
512,2,253,"FL13123-50","FL06082-N6-Ab1 (TAMO 406/FL99175-H5 (TX93AB693/Plot Spike LA9339))/Bw 13"
513,2,334,"FLLA17069-53","LA09015SBS-U4 / LA99016"
514,2,293,"FLLA16102-41","LA10008SSBS-21 / NC09-4274N"
515,2,217,"TX14OCS5036","TX08Cas1809//TAMO406"
516,2,343,"FLLA17119-66","MN11211 (SA081654)2 / NC12-3447"
517,2,405,"TX20CAS1011","TX07CS1948/TX15OCS6039"
518,2,190,"TAMO 406","Mitchell/TX83Ab2923/TAMO386R"
519,2,70,"LA07007SBSBSB-18","FL0206FSB-34-S2(UFRGS 995088-3/LA9535D118-4) /  LA06070,F1 (UFRGS046048-1/HZN 270)"
520,2,309,"TX20CAS1075","TX14OCS5208/TX09CS031//TX15OCS6137"
521,2,389,"FLLA17149-3","NC12-3447 / LA09015SBS-U1"
522,2,271,"FLLA17088-60","LA10044SSBS-1 / LA10001SSBS-20"
523,2,449,"NC20-4452","Horizon578/Horizon306"
524,2,20,"FL0923-U4","MN 06133 (Sask01T-602-05-06/MN01117)/F1 FL0852 (FL0748 F1(Ave. 135.02/SD030888 (SD97039//SD96280/OT275)) /LA97006GSB-59-2-4-SBS1 (FL92OHR26763/TX93M2107))"
525,2,402,"FLLA16056-12","LA06059SBSBSB-46 / LA15120,F1,(TX09CS049 / LA07065SBSBSB-32)"
526,2,191,"TAMO 606","Citation/84IORN#30 (=CX466-1-B4-D3-5)"
527,2,159,"NC14-1605","NC03-2567 / SS76-40"
528,2,252,"FL13123-41","FL06082-N6-Ab1 (TAMO 406/FL99175-H5 (TX93AB693/Plot Spike LA9339))/Bw 13"
529,2,287,"FLLA16028-42","FL0720-R6 / LA08016SBSBS-44-S1"
530,2,167,"NC14-1751","Gerard 224 / NC03-5579N"
531,2,188,"SS76-50","NC93-2978/RODGERS//RODGERS/FL874"
532,2,360,"TX19CAS0067","TX14OCS5003/LA09074SBS-U4"
533,2,298,"TX20CAS1002","LA09026SBS-U1//TX09CS1112/LA06059"
534,2,410,"TX20CAS1047","TX14OCS5159/LA07070SBSBSBS-65-S1"
535,2,98,"LA08083SBSBS-5","UFRGS 028152-1/LA97006GSB-59-2-4-SBS1"
536,2,309,"TX20CAS1075","TX14OCS5208/TX09CS031//TX15OCS6137"
537,2,305,"TX20CAS1037","TX14OCS5086/LA14036S"
538,2,172,"NC14-1799","Norline / SS76-40"
539,2,356,"TX19CAS0055","LA08051BS-T2/TX14OCS5001"
540,2,338,"FLLA17071-19","LA10001SSBS-20 / LA99017"
541,2,192,"TIFT",NA
542,2,314,"LA17076SBS-32-1",NA
543,2,118,"LA09066SBS-U3","MN06120/TX02U7682"
544,2,371,"SCLA17048SBS-16-2","LA08084SBSBS-15 / LA10044SSBS-1"
545,2,43,"LA02012-S-B-139-S2-B-S2-B-S2","LA9513IBTB-80-I1-B/MF9424-24"
546,2,99,"LA08084SBSBS-15","UFRGS 028153-2/LA99016"
547,2,185,"Rodgers","Coker 80-33/NC 81-376"
548,2,412,"TX20CAS1056","TX15OCS6138/LA07005SBSBSBS-9-S1"
549,2,110,"LA09013SBS-U6","SD60130(IL95-1241/W00276)/UFRGS 087212-1"
550,2,342,"FLLA17088-77","LA10044SSBS-1 / LA10001SSBS-20"
551,2,7,"COKER 234","FL500//Woodgrain/CI7330/3/Moregrain/Milford sel./4/2* Suregrain/PI 287211"
552,2,401,"FLLA16179-9","TX14OCS5212 / LA15044,F1,(HZN 306 (LA05006) / LA08048SBSBS-15)"
553,2,201,"TX07CS1965","FL9708-P71=(Coker 92Ab719/Horizon 314)//TAMO 405"
554,2,30,"FL99084-J2","TX96D210FL/98008 F1(LA90151-BB-11-2-1/UFRGS 940556)"
555,2,429,"LA17070SBSS-20-1","LA09015SBS-U4 / LA16170,F1 (TX14OCS5160 / HZN 306 )"
556,2,178,"NC14-1965","SS76-40 / NC01-3497"
557,2,300,"TX20CAS1014","TX07CS1948/TX15OCS6039"
558,2,446,"NC20-4526","Horizon578/Gerard227"
559,2,109,"LA09013SBS-U4","FL0115-J2/WIX8347-2-B-S1"
560,2,249,"FL13110-68","LA06071-SBSB-S10 (UFRGS046048-1/TX02U7605)/BW 08-19)/LA08043SBSBS-4 (LA03046SBS7-B-S1/LA97006GSB-59-2-4)"
561,2,27,"FL1045-1","IL 02-8011/FL03117-L5(UFRGS B017108-2-5/Bw1000)"
562,2,40,"Horizon 201","FL92OHR35183-Y1/TX96M1384 (=FL99201-D29-E1)"
563,2,24,"FL1013-1","SD60130(SPURS/W00276)/UFRGS 087212-1"
564,2,336,"FLLA17069-54","LA09015SBS-U4 / LA99016"
565,2,222,"TX14OCS5054","TX02U7029//TX00D110"
566,2,378,"FLLA17051-21","LA09015SBS-U1 / LA16067,F1 (LA07059SBSBSB-44 / NC12-3578)"
567,2,369,"SCLA17119SBS-4-2","LA99017 / LA09015SBS-U1"
568,2,288,"FLLA16117-4","LA15040,F1,(FL0720-R6 / LA99017) / NC12-3578"
569,2,44,"LA02035-I-J1","LA978GIB-172/HZN LA976"
570,2,304,"TX20CAS1034","TX14OCS5086/LA14036S"
571,2,32,"FLORIDA 02011","LA9513IBTB-10-1/MF9714-136"
572,2,195,"TX02U 7097","TX92M1505(C5-2 1563 CR Cpx/SR Cpx/unknown)/TX83Ab2923"
573,2,384,"FLLA17077-16","LA10001SSBS-20 / NC12-3447"
574,2,4,"Caballo","RODGERS SIB // ARFOB30/C84-27"
575,2,158,"NC14-1584","NC01-3497 / BYDV 121"
576,2,330,"LA17153SBS-20-2-1","NC12-3447 / LA09015SBS-U4"
577,2,303,"TX20CAS1025","FLO522/TX07CS2783//TAMO405/LA9339(PS)///LA05011GSBS-30/TX02D079"
578,2,199,"TX05CS 347-1 (??TAMO405)","TAMO 405/Plot Spike LA9339"
579,2,141,"NC12-3922","Rodgers / NC03-2421"
580,2,14,"FL03254-L1","LA982IBI-64(833/TAMO 397)/UFRGS 028155"
581,2,151,"NC14-1501","Gerard 224 / Caballo"
582,2,324,"LA17088SBSS-15-1","LA10041SSBS-80 / LA16165,F1 (TX09CS065 / BW 08-5)"
583,2,75,"LA07026SBS-FS1-Ab1","LA02029SBSBS48/UFRGS 028153-2"
584,2,74,"LA07024SBSBSBS-7-S1","LA02029SBSBS48/LA06030,F1 (HZN 270/LA90105-C4-1-1-1-2-1)"
585,2,1,"BIG MAC","Coker 68-16/Coker 69-26//Coker 68-23/Coker 68-26 4/Sg/ PI 287211"
586,2,139,"NC12-3845","NC01-3981 / Rodgers"
587,2,310,"TX20CAS1077","TX14OCS5208/TX09CS031//TX15OCS6137"
588,2,417,"TX20CAS1076","TX14OCS5208/TX09CS031//TX15OCS6137"
589,2,210,"TX14OCS5010","TX02U7227//NF27"
590,2,372,"SCLA17151SBS-40-1","NC12-3447 / FL0720-R6"
591,2,96,"LA08056SBSBS-56-S1","LA97006GSB-59-2-4-SBS1/TX02U7682"
592,2,294,"FLLA16102-75","LA10008SSBS-21 / NC09-4274N"
593,2,198,"TX02U 7605","TX92M1596(79Bord/Kenya SR/TAMO 386)/TX83Ab2923"
594,2,85,"LA07059SBSBSB-44","ND000824  /  TROPHY"
595,2,337,"FLLA17069-52","LA09015SBS-U4 / LA99016"
596,2,101,"LA08085BS-T2","UFRGS 046048-1 F6/FL0206FSB-34-S1-B-S1"
597,2,197,"TX02U 7479","92M1009(T386""S""/94Ab347"
598,2,131,"LA99017 (BUCK)","TX96M1385/LA604"
599,2,209,"TX14OCS5004","TAMO405//NF95418"
600,2,221,"TX14OCS5050","TAMO406//TX00D110"
601,2,276,"FLLA17149-1","NC12-3447 / LA09015SBS-U1"
602,2,286,"FLLA17084-28","LA10041SSBS-80 / LA99017"
603,2,307,"TX20CAS1070","TAMO411/TX14OCS5189//TX15OCS6040"
604,2,420,"LA16118SSBSS-6-1","LA15041,F1,(HZN 306 (LA05006) / FL0720-R6) / TX14OCS5212"
605,2,370,"SCLA17074SBS-1-1","LA10001SSBS-20 / LA09015SBS-U1"
606,2,239,"FLLA09044-U1","UFRGS 028153-2/LA99016"
607,2,425,"LA17018SBSS-35-1","FL0720-R6 / LA10041SSBS-80"
608,2,240,"FL13057-4","FL0704-R1 (FL99084-J4/UFRGS 057070-1)/FL0772-R3 (LA02018SBSBS5-B-S1/UFRGS 057029-4 )"
609,2,69,"LA07007SBSB-68","FL0206FSB-34-S2  /  LA06070,F1 (UFRGS046048-1/HZN 270)"
610,2,18,"FL0914-U2","LA04008SBSB-74-B-S1 (TROPHY/TAMO405)/F1 FL0874 (WIX8347-2(Gem/ND900117)/FL0744 F1(LA01005BSBSBS-46/Bw 103))"
611,2,208,"TX10CAS085","TX05F4-585(Sect.495/TAMO406)//TX02U7605"
612,2,374,"FLLA17029-66","HZN 306  / LA16044,F1 (HZN 306  / FL0720-R6)"
613,2,272,"FLLA17100-4","LA10044SSBS-1 / LA16095,F1 (LA09015SBS-U2 / TX14OCS5212)"
614,2,12,"FL03001BSB-S7","LA9339E45/Bw3996"
615,2,211,"TX14OCS5011","TX08Cas 1840//NF27"
616,2,125,"LA09103SBS-U4","LA97006GSB-59-2-4/UFRGS08708-4"
617,2,341,"FLLA17088-61","LA10044SSBS-1 / LA10001SSBS-20"
618,2,270,"FLLA17078-54","LA10041SSBS-80 / LA16153,F1 (NC12-3578 / TX14OCS5208)"
619,2,122,"LA09082SBS-U11","UFRGS046103-2/ND 020971"
620,2,253,"FL13123-50","FL06082-N6-Ab1 (TAMO 406/FL99175-H5 (TX93AB693/Plot Spike LA9339))/Bw 13"
621,2,352,"TX19CAS0032","LA07005SSBSB12//LA07007SBSBSB-18/TX09CS058"
622,2,281,"FLLA17032-5","HZN 306  / NC09-4274N"
623,2,173,"NC14-1818","SS76-40 / NC02-8057"
624,2,326,"LA17089SBSS-73-1","LA10041SSBS-80 / LA99017"
625,2,308,"TX20CAS1071","TAMO411/TX14OCS5189//TX15OCS6040"
626,2,237,"FL12034-10","LA06055SBSBSB-79 (TAMO 405/LA02054-S-B-167-S2)/FL11048 F1 (FL03038-L1/MN 08262)"
627,2,64,"LA06059SBSBSB-97-S","TAMO 405/LA99016"
628,2,304,"TX20CAS1034","TX14OCS5086/LA14036S"
629,2,359,"TX19CAS0066","TX14OCS5003/LA09074SBS-U4"
630,2,440,"FLLA17069-57","LA09015SBS-U4/LA99016"
631,2,200,"TX05CS 347-2","TAMO 405/Plot Spike LA9339"
632,2,55,"LA04018SBSB-181","TX96M1385/LA604//833"
633,2,71,"LA07007SBSBSB-24","FL0206FSB-34-S2/LA06070,F1 (UFRGS046048-1/HZN 270)"
634,2,454,"TX18OCS9125","FL0703-R5-AB1//TX09CS1029/LA04004SBSB-7-B-S1"
635,2,273,"FLLA17109-56","LA99016 / LA16153,F1 (NC12-3578 / TX14OCS5208)"
636,2,256,"FL13123-73","FL06082-N6-Ab1 (TAMO 406/FL99175-H5 (TX93AB693/Plot Spike LA9339))/Bw 13"
637,2,448,"NC20-4551","Horizon578/NC10-5051"
638,2,156,"NC14-1573","BYDV121 / NC03-8331"
639,2,38,"Gerard 229","NC93-2978/FL874S1G3//ARFOB3D"
640,2,142,"NC12-3931","Rodgers / NC03-2421"
641,2,105,"LA08085SS-T3","UFRGS 046048-1/FL0206FSB-34-S1-B-S1"
642,2,77,"LA07033SBSB-33","LA02076SBSBSB-S2  /  LA98002---84-2-S1-B-S1"
643,2,150,"NC14-1498","Gerard 224 / Caballo"
644,2,160,"NC14-1609","NC03-2567 / SS76-40"
645,2,267,"FLLA17071-4","LA10001SSBS-20 / LA99017"
646,2,165,"NC14-1695","Gerard 229 / NC05-5456"
647,2,42,"HORIZON 306","LA9339’/’TAMO 405"
648,2,398,"FLLA17031-71","HZN 306  / LA16188,F1 (UFRGS 087045-3 / MN11140)"
649,2,144,"NC13-6579","NC01-3981/WN10B//NC01-3981"
650,2,243,"FL13097-1","BW 837/LA07007SBSB-68 (FL0206FSB-34-S2/LA06070,F1 (UFRGS046048-1/HZN 270))"
651,2,128,"LA9339 (PLOT SPIKE, RAM OAT)","Coker85-13/X470"
652,2,72,"LA07017SBSB-30","LA02018SBSBS5-B-S1(LA9533D36-6/TX98D666)  /  LA9339"
653,2,148,"NC14-1491","NC02-456 / SS76-40"
654,2,135,"NC12-3447","NC02-8005 / AR02133  // Gerard 224"
655,2,281,"FLLA17032-5","HZN 306  / NC09-4274N"
656,2,88,"LA07070SBSBSBS-65-S1","TX02U7473/UFRGS 01B7114-1-3"
657,2,409,"TX20CAS1046","TX14OCS5159/LA07070SBSBSBS-65-S1"
658,2,368,"SCLA17076SBS-32-1","LA10001SSBS-20 / LA16147,F1 (MN2013BT1020-1-1 / LA07052SBSBSBS-1-S1)"
659,2,248,"FL13109-38","FL0772-R3 (LA02018SBSBS5-B-S1/UFRGS 057029-4)/Carrolup"
660,2,130,"LA99016","TX96M1385/SECTLA495"
661,2,218,"TX14OCS5037","TX02D034//TX02U7682"
662,2,383,"FLLA17069-76","LA09015SBS-U4 / LA99016"
663,2,233,"TX14OCS5193","Horizon 201//TX02U7473"
664,2,90,"LA08021SBSBS-15-S1","FL01016-H4/LA99016"
665,2,25,"FL1013-2","SD60130(IL95-1241/W00276)/UFRGS 087212-1"
666,2,48,"LA03046SBS7-B-S1","LA9339/TAMO405"
667,2,177,"NC14-1902","SS76-40 / Gerard 229"
668,2,81,"LA07048SBSB-39","LA98002SBS-64  /  LA99017"
669,2,432,"LA17080SBS-32-1-1","LA10001SSBS-20 / MN2013BT1021-1-2"
670,2,250,"FL13112-14","FL0704-R1 (FL99084-J4/UFRGS 057070-1)/Carrolup"
671,2,28,"FL1049-3","FL03262-L1(Bw501/LA9818IBIB-I2-B)/UPF97H2200-7-2"
672,2,280,"FLLA17030-18","HZN 306  / LA16090,F1 (LA08085SBSBS-30 / MN2013BT1021-1-2)"
673,2,260,"FL13126-79","BW 837/LA06014SBSBSBSB-34 (LA02079-S-B-69-S2/LA05006,F1(LA9339/TAMO 405))"
674,2,152,"NC14-1514","NC02-8037 / SS76-40"
675,2,220,"TX14OCS5041","TX02D44//TX05CS556"
676,2,390,"FLLA17152-71","NC12-3447 / LA16016,F1 (BW 08-5 / MN11140)"
677,2,321,"LA17069SBSS-2-1","LA09015SBS-U4 / LA16170,F1 (TX14OCS5160 / HZN 306 )"
678,2,113,"LA09026SBS-U3","HZN LA976/MN06120"
679,2,206,"TX09CS1056","03ABF1#105(TX96M1384/Horizon 314)//TAMO 405"
680,2,93,"LA08024SBSBS-48-S1","FL0115-J2/LA97006GSB-59-2-4"
681,2,22,"FL0943-U2","FL0554-Ab5 (UFRGS 01B7114-1-3 (PC68/*Starter F4//UFRGS 10)/FL0127-H1 (FL0051 F1 (FL92SA292-A1/FL92OHR37,896-Y3-A1)/IL 95-8217 (Blaze/Brawn)))/F1 FL0841 (05RAT-00P08(AC Ronald/OT299)/LA02010SBSBSBSB-S2(9513BTB-80-I2/TX00D176))"
682,2,175,"NC14-1832","SS76-40 / NC02-8057"
683,2,67,"LA06063SBSBSB-13","UFRGS 028152-1/LA02079-S-B-69-S2"
684,2,312,"LA15029SB-18-1-1","BW 139-9 / LA99016"
685,2,154,"NC14-1543","NC3981-4 / WT1"
686,2,306,"TX20CAS1039","TX14OCS5086/LA14036S"
687,2,362,"TX19CAS0091","FL0772-R2 / LA13036, F1(LA06067SBSBSB-13 / LA07048SBSB-39)//TX14OCS5134"
688,2,328,"LA17129SBSS-60-1","MN11211 (SA081654)2 / LA16022,F1 (CANTARA / BW 823)"
689,2,92,"LA08024SBSBS-29-S1","FL0115-J2/LA97006GSB-59-2-4"
690,2,140,"NC12-3872","SS76-50 / NC02-8037"
691,2,224,"TX14OCS5065","05CS347-1//TX02U7605"
692,2,84,"LA07052SBSBSBS-1-S1","LA99017SBSB-46  /  SD020707"
693,2,79,"LA07048SBSB-19","LA98002SBS-64  /  LA99017"
694,2,15,"FL04155-S06-31-B-S1","FL03139 F1 (TROPHY/MN00226)/FL03224 F1 (UPF94174-1/FL9605-A6-B4)"
695,2,193,"TROPHY","LA90120C2-3-AB1/TX96M1558"
696,2,285,"FLLA17071-51","LA10001SSBS-20 / LA09015SBS-U1"
697,2,393,"FLLA17158-30","FL0720-R6 / LA10041SSBS-80"
698,2,97,"LA08081BS-T2","TX02U7682/UFRGS 028152-1"
699,2,102,"LA08085BS-T4","UFRGS 046048-1 F6/FL0206FSB-34-S1-B-S1"
700,2,291,"FLLA16180-50","TX1948 / LA06059SBSBSB-46"
701,2,66,"LA06063SBSB-S1","UFRGS 028152-1/LA02079-S-B-69-S2"
702,2,100,"LA08085BS-T1","UFRGS 046048-1 F6/FL0206FSB-34-S1-B-S1"
703,2,445,"NC20-4441","Horizon306/Gerard224"
704,2,299,"TX20CAS1013","TX07CS1948/TX15OCS6039"
705,2,447,"NC20-4621","NC12-3868/NC12-3753"
706,2,145,"NC13-6584","NC01-3981/WN10B//NC01-3981"
707,2,19,"FL0923-U2","MN 06133 (Sask01T-602-05-06/MN01117)/F1 FL0852 (FL0748 F1(Ave. 135.02/SD030888 (SD97039//SD96280/OT275)) /LA97006GSB-59-2-4-SBS1 (FL92OHR26763/TX93M2107))"
708,2,325,"LA17089SBS-45-1-1","LA10041SSBS-80 / LA99017"
709,2,302,"TX20CAS1024","FLO522/TX07CS2783//TAMO405/LA9339(PS)///LA05011GSBS-30/TX02D079"
710,2,388,"FLLA17109-68","LA99016 / LA16153,F1 (NC12-3578 / TX14OCS5208)"
711,2,108,"LA08089SBSBS-52-S1","UFRGS 050723-4/FL0115-J2"
712,2,68,"LA07005SBSBSB-12","FL0121FSBSBSB-S3  /  LA99016"
713,2,95,"LA08051SBSB-32","LA9339/UFRGS 055093-1"
714,2,428,"LA17067SBSS-44-1","LA09015SBS-U4 / LA10001SSBS-20"
715,2,9,"Corondo",NA
716,2,358,"TX19CAS0058","TX14OCS5003/LA07023SBS-FS5-Ab1"
717,2,241,"FL13088-3","BW 08- 31/LA06046SS-N2-Ab2 (P973A38-3-6 = ROBUST/LA90105-C4-1-1-1-2-1)"
718,2,229,"TX14OCS5098","TX02U7097/HORIZON 321"
719,2,149,"NC14-1494","Gerard 224 / Caballo"
720,2,357,"TX19CAS0057","TX14OCS5003/LA07023SBS-FS5-Ab1"
721,2,225,"TX14OCS5069","TX02U7605//FL115-J2"
722,2,439,"Savage (TX14OCS5212)","FL0115-J4/TX02U7047"
723,2,290,"FLLA16166-79","TX09CS065 / FL0720-R6"
724,2,442,"LA13003SBSBS33-1-1","BW832/HZN306"
725,2,26,"FL1035-2","UPF98H2000-4/FL03254-L1"
726,2,269,"FLLA17077-4","LA10001SSBS-20 / NC12-3447"
727,2,415,"TX20CAS1063","TX15OCS6138/TX07CS1228"
728,2,283,"FLLA17047-55","LA09015SBS-U1 / LA16067,F1 (LA07059SBSBSB-44 / NC12-3578)"
729,2,49,"LA03060SBSBSB-S1","TX96M1398/LA9339"
730,2,196,"TX02U 7473","TX94Ab343/TAMO386ERB"
731,2,289,"FLLA16137-1","LA99016 / LA15101,F1,(LA08084BS-T2 / LA99016)"
732,2,348,"TX19CAS0002","LA09030SBS-U3-AB1/TX07CS1948//UFGS 1050 64-1"
733,2,35,"FLORIDA 502",NA
734,2,249,"FL13110-68","LA06071-SBSB-S10 (UFRGS046048-1/TX02U7605)/BW 08-19)/LA08043SBSBS-4 (LA03046SBS7-B-S1/LA97006GSB-59-2-4)"
735,2,320,"LA17008SBSS-59-1","BW 08-5 / LA16160,F1 (SD110304 / TX14OCS5212)"
736,2,213,"TX14OCS5014","TX08Cas 1840//NF27"
737,2,424,"LA17017SBSS-16-1","FL0720-R6 / LA10001SSBS-20"
738,2,235,"FLLA11019S-8","FL0564-Ab13 / LA06071SBSB-S1"
739,2,137,"NC12-3742","NC02-7989 / SC961246 // Gerard 224"
740,2,278,"FLLA17158-4","FL0720-R6 / LA10041SSBS-80"
741,2,264,"FLLA17055-63","LA09015SBS-U4 / LA10001SSBS-20"
742,2,452,"TX18OCS9100","LA09013SBSBU6-AB1TX09CS1029"
743,2,170,"NC14-1787","Wintok / Caballo"
744,2,363,"SCLA17080SBS-4-2","LA10001SSBS-20 / MN2013BT1021-1-2"
745,2,238,"FL11017-7","FL0555-Ab3/FL1045 F1 (IL 02-8011/FL03117-L5(UFRGS B017108-2-5/Bw1000))"
746,2,180,"NC14-1977","Gerard 229 / Rodgers"
747,2,419,"TX20CAS1080","TX14OCS5208/TX09CS031//TX15OCS6137"
748,2,10,"FL0047-J9","Horizon 474/TX97C1168"
749,2,11,"FL0115-J2","FL97AB15-A5-B6/TX97C1130"
750,2,404,"TX20CAS1006","TX07CS1948/TX15OCS6039"
751,2,244,"FL13084-8","LA08092SBSBS-17 (UFRGS 057023-4/TAMO405)/BW 08- 31"
752,2,423,"LA17009SBSS-53-1","BW 08-5 / MN11211 (SA081654)2"
753,2,94,"LA08039SBSBS-5-S1","LA02065SBSBSB-S2/LA99017"
754,2,127,"LA10044-4","LA97006GSB-59-2-4-SBS1/FL0522-FLID-B-S-B-S-92-S1"
755,2,403,"FLLA16056-25","LA06059SBSBSB-46 / LA15120,F1,(TX09CS049 / LA07065SBSBSB-32)"
756,2,120,"LA09078SBS-U5","UFRGS 046054-2/MN06120"
757,2,377,"FLLA17051-20","LA09015SBS-U1 / LA16067,F1 (LA07059SBSBSB-44 / NC12-3578)"
758,2,315,"LA17089SBS-25-2","LA10041SSBS-80 / LA99017"
759,2,182,"NC14-1989","SS76-40 / NC05-5455"
760,2,80,"LA07048SBSB-28","LA98002SBS-64  /  LA99017"
761,2,3,"BROOKS","Carolee/Fulgrain/6/Fulgrain/5/CI 5106//Hajira/Joanette/4/ Atlantic/Clinton/Santa Fe/3/CI 2455"
762,2,279,"FLLA17017-69","FL0720-R6 / LA16048,F1 (HZN 306  / TX14OCS5212)"
763,2,114,"LA09028SBS-U2","HZN270/LA08014,F1(BW5-33 / IL00-8279)"
764,2,382,"FLLA17069-73","LA09015SBS-U4 / LA99016"
765,2,394,"FLLA17017-70","FL0720-R6 / LA16048,F1 (HZN 306  / TX14OCS5212)"
766,2,327,"LA17110SBSS-16-1","LA99016 / LA09015SBS-U1"
767,2,106,"LA08086BS-T2","UFRGS 046050-4/FL0016-H4"
768,2,204,"TX07CS2765","Horizon 321//TAMO 406"
769,2,333,"FLLA17069-44","LA09015SBS-U4 / LA99016"
770,2,301,"TX20CAS1021","FLO522/TX07CS2783//TAMO405/LA9339(PS)///LA05011GSBS-30/TX02D079"
771,2,361,"TX19CAS0073","LA08085BS-T4/TX02D079"
772,2,59,"LA06009SBSBSB-24-S","LA02030-S-B-5-S2/LA99016"
773,2,376,"FLLA17032-41","HZN 306  / LA16188,F1 (UFRGS 087045-3 / MN11140)"
774,2,63,"LA06059SBSBSB-16-S","TAMO 405/LA99016"
775,2,322,"LA17075SBSS-24-1","LA10001SSBS-20 / LA10041SSBS-80"
776,2,36,"Fulgrain","Big Boy (unknown/unknown)/Navarro (sel. From North American landrace/sel. From North American landrace)"
777,2,143,"NC12-3963","NC03-2421 / SS76-40"
778,2,259,"FL13126-69","BW 837/LA06014SBSBSBSB-34 (LA02079-S-B-69-S2/LA05006,F1(LA9339/TAMO 405))"
779,2,257,"FL13125-17","BW 08-1/LA07004SBSBSBS-5 (FL0121FSBSBSB-S3/LA02079-S-B-69-S2)"
780,2,435,"LA17130SBSS-27-1","MN11211 (SA081654)2 / LA16022,F1 (CANTARA / BW 823)"
781,2,308,"TX20CAS1071","TAMO411/TX14OCS5189//TX15OCS6040"
782,2,349,"TX19CAS0004","LA07005SBSBSB12/TXO7CS1948"
783,2,203,"TX07CS2652","Harrison//TAMO 406"
784,2,391,"FLLA17158-11","FL0720-R6 / LA10041SSBS-80"
785,2,386,"FLLA17088-66","LA10044SSBS-1 / LA10001SSBS-20"
786,2,179,"NC14-1974","Gerard 229 / Rodgers"
787,2,166,"NC14-1747","Gerard 224 / NC03-5579N"
788,2,340,"FLLA17081-23","LA10041SSBS-80 / LA16165,F1 (TX09CS065 / BW 08-5)"
789,2,416,"TX20CAS1074","TX14OCS5208/TX09CS031//TX15OCS6137"
790,2,303,"TX20CAS1025","FLO522/TX07CS2783//TAMO405/LA9339(PS)///LA05011GSBS-30/TX02D079"
791,2,351,"TX19CAS0020","TX07CSC1948/LA07005SBSBSB12"
792,2,274,"FLLA17111-1","LA99017 / LA09015SBS-U1"
793,2,21,"FL0941-U1","LA04014S-L1 (LA99017SBSB-46/LA833-99AB118)/F1 FL0853 (FL0746 F1(FL0105FSBSBS20-B-S1(TX97C1168/IA 91462-45-1-6)/QR1860BSB-S2 (UFRGS921260 / X8204-1))/FL0206FSB-34-S1-B-S1(UFRGS 995088-3/LA9535D118-4))"
794,2,136,"NC12-3578","SS76-40 / NC02-7989 // LA98105B"
795,2,39,"Harrison","Coker 234/74C70//Florida 502"
796,2,147,"NC14-1482","NC02-456 / SS76-40"
797,2,275,"FLLA17119-74","MN11211 (SA081654)2 / NC12-3447"
798,2,215,"TX14OCS5018","NF27//TX07CS1805"
799,2,261,"FLLA17025-4","HZN 306  / LA10041SSBS-80"
800,2,82,"LA07048SBSB-5","LA98002SBS-64  /  LA99017"
801,2,406,"TX20CAS1035","TX14OCS5086/LA14036S"
802,2,232,"TX14OCS5182","Plot Spike//TX07CS425"
803,2,300,"TX20CAS1014","TX07CS1948/TX15OCS6039"
804,2,426,"LA17031SBSS-77-1","HZN 306  / LA16049,F1 (HZN 306  / UFRGS 087045-3)"
805,2,226,"TX14OCS5070","FLO115-J2//TX02U7682"
806,2,53,"LA04004SBSB-7-B-S1","LA97006GBS-30-1-C/LA90113-1-B3-AFL2-1-19-3-1"
807,2,450,"TX17OCS8075","LA05006GSBS-65-S1/TX10CAS279"
808,2,295,"FLLA16102-76","LA10008SSBS-21 / NC09-4274N"
809,2,263,"FLLA17051-2","LA09015SBS-U1 / LA16067,F1 (LA07059SBSBSB-44 / NC12-3578)"
810,2,335,"FLLA17069-65","LA09015SBS-U4 / LA99016"
811,2,421,"LA16179SSBSS-22-1","TX14OCS5212 / LA15044,F1,(HZN 306 (LA05006) / LA08048SBSBS-15)"
812,2,354,"TX19CAS0047","LA08085BS-T4//LA06071SBSB-S10/TAMO606"
813,2,129,"LA97006GSB-59-2-4-SBS1","TAMO 405/LA99016"
814,2,399,"FLLA17035-69","LA08084SBSBS-15 / LA10041SSBS-80"
815,2,350,"TX19CAS0017","TX07CS1948/LA08051BS-T2//TX14OCS5189"
816,2,2,"BOB","Nora/Florida 501"
817,2,251,"FL13113-69","FL0858-S2-Ab1 (LA04013SBSB-S3(99012SBS-23-S/UFRGS995080-1)/FL0047-J2(Horizon 474/TX97C1168))/BW 08-5"
818,2,387,"FLLA17100-5","LA10044SSBS-1 / LA16095,F1 (LA09015SBS-U2 / TX14OCS5212)"
819,2,344,"FLLA17149-30","NC12-3447 / LA09015SBS-U1"
820,2,284,"FLLA17059-4","LA09015SBS-U4 / NC12-3447"
821,2,60,"LA06046-N2-Ab3","P973A38-3-6/LA90105-C4-1-1-1-2-1"
822,2,230,"TX14OCS5112","TX02U7227//TX08CS2235"
823,2,392,"FLLA17158-18","FL0720-R6 / LA10041SSBS-80"
824,2,146,"NC13-6589","NC01-3981/WN10B//NC01-3981"
825,2,89,"LA08016SBSBS-44-S1","BW5-33/UFRGS046048-1"
826,2,112,"LA09016SBS-U6","FL0210-J1/UFRGS 046050-4"
827,2,254,"FL13123-54","FL06082-N6-Ab1 (TAMO 406/FL99175-H5 (TX93AB693/Plot Spike LA9339))/Bw 13"
828,2,282,"FLLA17035-50","LA08084SBSBS-15 / LA10041SSBS-80"
829,2,427,"LA17067SBSS-26-1","LA09015SBS-U4 / LA10001SSBS-20"
830,2,443,"LA15015SB-S50","BW08-5/HZN306(LA05006)"
831,2,302,"TX20CAS1024","FLO522/TX07CS2783//TAMO405/LA9339(PS)///LA05011GSBS-30/TX02D079"
832,2,189,"TAMO 405","unknown (single vol. plant sel.)"
833,2,365,"SCLA16032SSBS-7-1","FL0720-R6 / LA99017"
834,2,258,"FL13126-57","BW 837/LA06014SBSBSBSB-34 (LA02079-S-B-69-S2/LA05006,F1(LA9339/TAMO 405))"
835,2,245,"FLLA09015-U4","FL0210-J1/MN06023"
836,2,76,"LA07033SBSB-2","LA02076SBSBSB-S2  /  LA98002---84-2-S1-B-S1"
837,2,126,"LA09103SBS-U5","LA97006GSB-59-2-4/UFRGS08708-4"
838,2,366,"SCLA17048SBS-4-2","LA08084SBSBS-15 / LA10044SSBS-1"
839,2,164,"NC14-1686","Gerard 224 / NC02-8057"
840,2,13,"FL03146BSB-S1-B-S1","TAMO 405/HZN 474"
841,2,418,"TX20CAS1079","TX14OCS5208/TX09CS031//TX15OCS6137"
842,2,441,"FLLA17020-55","FL0720-R6/LA16098,F1(LA09103SBS-U5/LA99017)"
843,2,292,"FLLA16056-4","LA06059SBSBSB-46 / LA15120,F1,(TX09CS049 / LA07065SBSBSB-32)"
844,2,375,"FLLA17029-75","HZN 306  / LA16044,F1 (HZN 306  / FL0720-R6)"
845,2,61,"LA06058SBS-32-S1","LA9339/TAMO 405"
846,2,279,"FLLA17017-69","FL0720-R6 / LA16048,F1 (HZN 306  / TX14OCS5212)"
847,2,299,"TX20CAS1013","TX07CS1948/TX15OCS6039"
848,2,155,"NC14-1554","NC3981-4 / WT1"
849,2,184,"Ozark","Florida 167 (Bond/Fulghum)/6-81-3 (unknown/unknown)"
850,2,268,"FLLA17074-47","LA10001SSBS-20 / MN2013BT1020-1-1"
851,2,57,"LA05011GSBS-30","TAMO405/LA99016"
852,2,332,"LA17153SBSS-55-1","NC12-3447 / LA09015SBS-U4"
853,2,176,"NC14-1874","SS76-50 / Rodgers"
854,2,451,"TX18OCS9061","LA09013SBSBU6-AB1/TX11CS009"
855,2,46,"LA03018SBSBSB-65-S1","LA9819IBI-75-2-B/FL9418-A3-B4-B-I"
856,2,395,"FLLA17018-17","FL0720-R6 / LA16048,F1 (HZN 306  / TX14OCS5212)"
857,2,318,"LA16072SBSS-30-1","LA08016SBSBS-44-S1 / MN2013BT1021-1-2"
858,2,385,"FLLA17077-28","LA10001SSBS-20 / NC12-3447"
859,2,261,"FLLA17025-4","HZN 306  / LA10041SSBS-80"
860,2,331,"LA17153SBSS-46-1","NC12-3447 / LA09015SBS-U4"
861,2,33,"Florida 500","Florad (Floriland Irradiated/unknown)/unnamed_6485 (unnamed_6484/unnamed_6483)"
862,2,50,"LA03066SBS-L1","UFRGS 952521/LA966BIB32-1-1-B"
863,2,56,"LA04018SBSB-86","HARRISON/TAMO405"
864,2,116,"LA09045SBS-U3","LA03046SBS7-B-S1/MN06120"
865,2,430,"LA17075SBS-36-2-1","LA10001SSBS-20 / LA10041SSBS-80"
866,2,316,"LA17089SBS-33-2","LA10041SSBS-80 / LA99017"
867,2,138,"NC12-3753","NC02-7989 / SC961246 // Gerard 224"
868,2,207,"TX09CS1112","Horizon 314//TX02U7097(TX92M1505=C5-2 1563CR cpx/Unknown/TX83Ab2923)"
869,2,115,"LA09040SBS-U1","LA02035-I-J1-S1/LA08092,F1(UFRGS 057023-4 / TAMO405)"
870,2,214,"TX14OCS5017","NF27//TX07CS1805"
871,2,104,"LA08085SBSBSB-48","UFRGS 046048-1 F6/FL0206FSB-34-S1-B-S1"
872,2,231,"TX14OCS5116","FL99212-D6//TX02U7443"
873,2,411,"TX20CAS1048","TX14OCS5159/LA07070SBSBSBS-65-S1"
874,2,431,"LA17080SBS-29-1-1","LA10001SSBS-20 / MN2013BT1021-1-2"
875,2,8,"Coker 716","Coker 62-30 (unknown/unknown)/Beltsville Selection 279 (unnamed_9419/Clintland)"
876,2,290,"FLLA16166-79","TX09CS065 / FL0720-R6"
877,2,381,"FLLA17069-56","LA09015SBS-U4 / LA99016"
878,2,23,"FL0943-U4","FL0554-Ab5 (UFRGS 01B7114-1-3 (PC68/*Starter F4//UFRGS 10)/FL0127-H1 (FL0051 F1 (FL92SA292-A1/FL92OHR37,896-Y3-A1)/IL 95-8217 (Blaze/Brawn)))/F1 FL0841 (05RAT-00P08(AC Ronald/OT299)/LA02010SBSBSBSB-S2(9513BTB-80-I2/TX00D176))"
879,2,187,"Simpson","Ballard (Pentagon (Stanton, 1955/Pentagon (Stanton, 1955)/S172 4Cn3/1/3/58/602Cn)"
880,2,315,"LA17089SBS-25-2","LA10041SSBS-80/LA99017"
881,2,161,"NC14-1619","BYDV-135 / Gerard 224"
882,2,455,"TX18OCS9135","FL0703-R5-AB1//FL03254-L1/TX09CS1029"
883,2,37,"Gerard 224","Rodgers/Txab29923//Rodgers"
884,2,396,"FLLA17030-25","HZN 306  / LA16090,F1 (LA08085SBSBS-30 / MN2013BT1021-1-2)"
885,2,266,"FLLA17069-41","LA09015SBS-U4 / LA99016"
886,2,317,"LA14009SBSB-21-1-1","FL0529-N1 / LA13006, F1(FL04176-S06-21-B-S1 / ND081465)"
887,2,16,"FL0720-R6","FL0206FSB-34-S1//FL0016-H1/IL 3555"
888,2,157,"NC14-1574","BYDV121 / NC03-8331"
889,2,227,"TX14OCS5078","TX02U7047//TX02U7682"
890,2,86,"LA07065SBSBSB-32","TAMO 405/UFRGS 028152-1"
891,2,373,"FLLA17025-20","HZN 306  / LA10041SSBS-80"
892,2,202,"TX07CS2140","NC97-8972N=(Bulk Sel)//TAMO 405"
893,2,65,"LA06059SBSBSBSB-4-S1","TAMO 405/LA99016"
894,2,364,"SCLA17152SBS-1-1","NC12-3447 / LA09015SBS-U1"
895,2,316,"LA17089SBS-33-2","LA10041SSBS-80/LA99017"
896,2,78,"LA07046SBSBSBS-2-S1","LA98002---84-2-S1-B-S1  /  LA06072,F1 (UFRGS046048-1/TX02U7605)"
897,2,413,"TX20CAS1061","TX15OCS6138/TX07CS1228"
898,2,34,"FLORIDA 501","Florad/5/Fulgrain Strain 3/Suregrain/4/Victorgrain*2//Bond/ Fulghum/3/Suregrain"
899,2,117,"LA09065SBS-U1","MN06120/LA90105-C4-1-1-1-2-1"
900,2,310,"TX20CAS1077","TX14OCS5208/TX09CS031//TX15OCS6137"
901,2,329,"LA17129SBSS-8-1","MN11211 (SA081654)2 / LA16022,F1 (CANTARA / BW 823)"
902,2,236,"TAMO412","FL9708-P71=(Coker92Ab719/Horizon314)//TAMO405"
903,2,346,"FLLA17030-23","HZN 306  / LA16090,F1 (LA08085SBSBS-30 / MN2013BT1021-1-2)"
904,2,291,"FLLA16180-50","TX1948 / LA06059SBSBSB-46"
905,2,265,"FLLA17067-12","LA09015SBS-U4 / LA16170,F1 (TX14OCS5160 / HZN 306 )"
906,2,124,"LA09092SBS-U2","UFRGS087157-3/LA08011,F1(BW1803 / MN04241)"
907,2,62,"LA06059SBS-84-S1","TAMO 405/HZN LA976"
908,2,263,"FLLA17051-2","LA09015SBS-U1 / LA16067,F1 (LA07059SBSBSB-44 / NC12-3578)"
909,2,408,"TX20CAS1044","TX14OCS5159/LA07070SBSBSBS-65-S1"
910,2,234,"Winter Fulghum","sel. From Fulghum (C.I. 699) (Richland/Richland)/sel. From Fulghum (C.I. 699) (Richland/Richland)"
911,2,242,"FL13088-4","BW 08- 31/LA06046SS-N2-Ab2 (P973A38-3-6 = ROBUST/LA90105-C4-1-1-1-2-1)"
912,2,174,"NC14-1820","SS76-40 / NC02-8057"
913,2,107,"LA08086SBSBS-34","UFRGS 046050-4/FL0016-H4"
914,2,296,"FLLA16102-78","LA10008SSBS-21 / NC09-4274N"
915,2,153,"NC14-1533","NC02-8247 / SS76-40"
916,2,228,"TX14OCS5080","LA99016//TX02U7682"
917,2,407,"TX20CAS1041","TX14OCS5141/LA07070SBSBSBS-65-S1"
918,2,266,"FLLA17069-41","LA09015SBS-U4 / LA99016"
919,2,323,"LA17075SBSS-29-1","LA10001SSBS-20 / LA10041SSBS-80"
920,2,132,"NC09-4274N","LA 9339/SS76-40 // FLLA95131"
921,2,367,"SCLA17119SBS-17-2","LA99017 / LA09015SBS-U1"
922,2,54,"LA04014SBSB-39","LA97006GBS-30-1-C/LA90113-1-B3-AFL2-1-19-3-1"
923,2,223,"TX14OCS5061","TX08CS2235//TX00D110"
924,2,436,"LA17153SBSS-6-1","NC12-3447 / LA09015SBS-U4"
925,2,6,"COKER 227","FL500//Woodgrain/CI7330/3/Moregrain/Milford sel./4/2* Suregrain/PI 287211"
926,2,5,"Cantara","FL03053-S06-15-B-S1 (LA989IBI-51-B-I1-I2/UFRGS01B6189-6-3)"
927,2,45,"LA02065SBSBSBSB-88","LA604/982IBI-64(833/T397)"
928,2,181,"NC14-1985","SS76-40 / NC05-5455"
929,2,162,"NC14-1643","Caballo / NC05-5579N"
930,2,119,"LA09067SBS-U1","MN06120/UFRGS 017147-2"
931,2,414,"TX20CAS1062","TX15OCS6138/TX07CS1228"
932,2,183,"Osage","Fulton (Fulghum/Markton)/Sel.5562 (Vicotria - Argentian/Richland)"
933,2,247,"FL13108-62","LA07065SBSBSB-20 (TAMO 405/UFRGS 028152-1)/BW 533"
934,2,246,"FLLA13043-57","LA07007SBSBSB-18 / LA08040SBSB-49"
935,2,29,"FL11044-1","Horizon 201/UFRGS 087045-3"
936,2,134,"NC11-1798y","NC01-3981 / SS76-40"
937,2,400,"FLLA16179-3","TX14OCS5212 / LA15044,F1,(HZN 306 (LA05006) / LA08048SBSBS-15)"
938,2,171,"NC14-1792","Norline / SS76-40"
939,2,274,"FLLA17111-1","LA99017 / LA09015SBS-U1"
940,2,87,"LA07065SBS-FS2-Ab1","TAMO 405/UFRGS 028152-1"
941,2,205,"TX09CS058","TX92M1505/TX83Ab2923//TX93Ab693=H833Sel"
942,2,422,"LA17008SBSS-9-1","BW 08-5 / LA16160,F1 (SD110304 / TX14OCS5212)"
943,2,47,"LA03040SBSBSB-83","LA9339/HORIZON321"
944,2,194,"TX02U 7047","TAMO386ERB/TAMO386R/92SAT24-4"
945,2,168,"NC14-1767","Gerard 224 / NC03-5579N"
946,2,17,"FL0772-R3","P0216A1-1/FL0023-E10-H1-J5"
947,2,91,"LA08021SBSBS-7-S1","FL01016-H4/LA99016"
948,2,216,"TX14OCS5031","TX02U7490//TX08CAS1796"
949,2,433,"LA17089SBS-25-2-1","LA10041SSBS-80 / LA99017"
950,2,123,"LA09092SBS-U1","UFRGS087157-3/LA08011,F1(BW1803 / MN04241)"
951,2,212,"TX14OCS5012","TX08Cas 1840//NF27"
952,2,103,"LA08085SBSBS-48","UFRGS 046048-1 F6/FL0206FSB-34-S1-B-S1"
953,2,311,"TX20CAS1082","TX14OCS5208/TX07CS1228//LA09066SBS-U3"
954,2,41,"HORIZON 270","FL95MEO29/TX93M2107"
955,2,270,"FLLA17078-54","LA10041SSBS-80 / LA16153,F1 (NC12-3578 / TX14OCS5208)"
956,2,434,"LA17126SBSS-48-1","MN11211 (SA081654)2 / LA10041SSBS-80"
957,2,58,"LA05011GSBSBSB-11","TAMO405/LA99016"
958,2,277,"FLLA17152-47","NC12-3447 / LA16016,F1 (BW 08-5 / MN11140)"
959,2,353,"TX19CAS0041","LA08085BS-T4//LA06071SBSB-S10/TAMO606"
960,2,380,"FLLA17069-49","LA09015SBS-U4 / LA99016"
